name,wiki_url
Jennifer Abbott,https://en.wikipedia.org/wiki/Jennifer_Abbott
Marguerite Abouet,https://en.wikipedia.org/wiki/Marguerite_Abouet
Abiola Abrams,https://en.wikipedia.org/wiki/Abiola_Abrams
Jill Ackles,https://en.wikipedia.org/wiki/Jill_Ackles
Joey Lauren Adams,https://en.wikipedia.org/wiki/Joey_Lauren_Adams
Perry Miller Adato,https://en.wikipedia.org/wiki/Perry_Miller_Adato
Maren Ade,https://en.wikipedia.org/wiki/Maren_Ade
Yasmin Ahmad,https://en.wikipedia.org/wiki/Yasmin_Ahmad
Peggy Ahwesh,https://en.wikipedia.org/wiki/Peggy_Ahwesh
Kyōko Aizome,https://en.wikipedia.org/wiki/Ky%C5%8Dko_Aizome
Mania Akbari,https://en.wikipedia.org/wiki/Mania_Akbari
Chantal Akerman,https://en.wikipedia.org/wiki/Chantal_Akerman
Zoya Akhtar,https://en.wikipedia.org/wiki/Zoya_Akhtar
Nargis Akhter,https://en.wikipedia.org/wiki/Nargis_Akhter
Haifaa al-Mansour,https://en.wikipedia.org/wiki/Haifaa_al-Mansour
Gina Alajar,https://en.wikipedia.org/wiki/Gina_Alajar
Barbara Albert,https://en.wikipedia.org/wiki/Barbara_Albert
Lexi Alexander,https://en.wikipedia.org/wiki/Lexi_Alexander
Debbie Allen,https://en.wikipedia.org/wiki/Debbie_Allen
Chihiro Amano,https://en.wikipedia.org/wiki/Chihiro_Amano
Suzana Amaral,https://en.wikipedia.org/wiki/Suzana_Amaral
Tata Amaral,https://en.wikipedia.org/wiki/Tata_Amaral
Ana Lily Amirpour,https://en.wikipedia.org/wiki/Ana_Lily_Amirpour
Allison Anders,https://en.wikipedia.org/wiki/Allison_Anders
Jane Anderson,https://en.wikipedia.org/wiki/Jane_Anderson
Sarah Pia Anderson,https://en.wikipedia.org/wiki/Sarah_Pia_Anderson
Gillian Anderson,https://en.wikipedia.org/wiki/Gillian_Anderson
Momoko Ando,https://en.wikipedia.org/wiki/Momoko_Ando
Preeti Aneja,https://en.wikipedia.org/wiki/Preeti_Aneja
Jennifer Aniston,https://en.wikipedia.org/wiki/Jennifer_Aniston
Catherine Annau,https://en.wikipedia.org/wiki/Catherine_Annau
Martha Ansara,https://en.wikipedia.org/wiki/Martha_Ansara
Lisa Rose Apramian,https://en.wikipedia.org/wiki/Lisa_Rose_Apramian
Shamim Ara,https://en.wikipedia.org/wiki/Shamim_Ara
Danielle Arbid,https://en.wikipedia.org/wiki/Danielle_Arbid
Louise Archambault,https://en.wikipedia.org/wiki/Louise_Archambault
Francesca Archibugi,https://en.wikipedia.org/wiki/Francesca_Archibugi
Asia Argento,https://en.wikipedia.org/wiki/Asia_Argento
Franny Armstrong,https://en.wikipedia.org/wiki/Franny_Armstrong
Gillian Armstrong,https://en.wikipedia.org/wiki/Gillian_Armstrong
Gwen Arner,https://en.wikipedia.org/wiki/Gwen_Arner
Andrea Arnold,https://en.wikipedia.org/wiki/Andrea_Arnold
Patricia Arquette,https://en.wikipedia.org/wiki/Patricia_Arquette
Rosanna Arquette,https://en.wikipedia.org/wiki/Rosanna_Arquette
Karen Arthur,https://en.wikipedia.org/wiki/Karen_Arthur
Natasha Arthy,https://en.wikipedia.org/wiki/Natasha_Arthy
Dorothy Arzner,https://en.wikipedia.org/wiki/Dorothy_Arzner
Dinara Asanova,https://en.wikipedia.org/wiki/Dinara_Asanova
Amma Asante,https://en.wikipedia.org/wiki/Amma_Asante
Mari Asato,https://en.wikipedia.org/wiki/Mari_Asato
Jacqueline Audry,https://en.wikipedia.org/wiki/Jacqueline_Audry
Shona Auerbach,https://en.wikipedia.org/wiki/Shona_Auerbach
Nurith Aviv,https://en.wikipedia.org/wiki/Nurith_Aviv
Ronit Avni,https://en.wikipedia.org/wiki/Ronit_Avni
Lisa Azuelos,https://en.wikipedia.org/wiki/Lisa_Azuelos
Beth B,https://en.wikipedia.org/wiki/Beth_B
Jamie Babbit,https://en.wikipedia.org/wiki/Jamie_Babbit
Iskra Babich,https://en.wikipedia.org/wiki/Iskra_Babich
Julia Bacha,https://en.wikipedia.org/wiki/Julia_Bacha
Yamina Bachir-Chouikh,https://en.wikipedia.org/wiki/Yamina_Bachir-Chouikh
Marina Rice Bader,https://en.wikipedia.org/wiki/Marina_Rice_Bader
Cindy Baer,https://en.wikipedia.org/wiki/Cindy_Baer
Jennifer Baichwal,https://en.wikipedia.org/wiki/Jennifer_Baichwal
Paule Baillargeon,https://en.wikipedia.org/wiki/Paule_Baillargeon
Robin Bain,https://en.wikipedia.org/wiki/Robin_Bain
Josiane Balasko,https://en.wikipedia.org/wiki/Josiane_Balasko
Lucille Ball,https://en.wikipedia.org/wiki/Lucille_Ball
Anne Bancroft,https://en.wikipedia.org/wiki/Anne_Bancroft
Rakhshan Bani-Etemad,https://en.wikipedia.org/wiki/Rakhshan_Bani-Etemad
André-Line Beauparlant,https://en.wikipedia.org/wiki/Andr%C3%A9-Line_Beauparlant
Manon Barbeau,https://en.wikipedia.org/wiki/Manon_Barbeau
Laurence Ferreira Barbosa,https://en.wikipedia.org/wiki/Laurence_Ferreira_Barbosa
Laura Bari,https://en.wikipedia.org/wiki/Laura_Bari
Neema Barnette,https://en.wikipedia.org/wiki/Neema_Barnette
Roseanne Barr,https://en.wikipedia.org/wiki/Roseanne_Barr
Drew Barrymore,https://en.wikipedia.org/wiki/Drew_Barrymore
Angela Bassett,https://en.wikipedia.org/wiki/Angela_Bassett
Joy Batchelor,https://en.wikipedia.org/wiki/Joy_Batchelor
Kathy Bates,https://en.wikipedia.org/wiki/Kathy_Bates
Signe Baumane,https://en.wikipedia.org/wiki/Signe_Baumane
Jordan Bayne,https://en.wikipedia.org/wiki/Jordan_Bayne
Amanda Bearse,https://en.wikipedia.org/wiki/Amanda_Bearse
Maria Beatty,https://en.wikipedia.org/wiki/Maria_Beatty
Gabrielle Beaumont,https://en.wikipedia.org/wiki/Gabrielle_Beaumont
Aida Begic,https://en.wikipedia.org/wiki/Aida_Begic
Fatma Begum,https://en.wikipedia.org/wiki/Fatma_Begum
Feryal Behzad,https://en.wikipedia.org/wiki/Feryal_Behzad
Esther Bell,https://en.wikipedia.org/wiki/Esther_Bell
Mary Lou Belli,https://en.wikipedia.org/wiki/Mary_Lou_Belli
Edet Belzberg,https://en.wikipedia.org/wiki/Edet_Belzberg
María Luisa Bemberg,https://en.wikipedia.org/wiki/Mar%C3%ADa_Luisa_Bemberg
Jessica Bendinger,https://en.wikipedia.org/wiki/Jessica_Bendinger
Yamina Benguigui,https://en.wikipedia.org/wiki/Yamina_Benguigui
Sadie Benning,https://en.wikipedia.org/wiki/Sadie_Benning
Amber Benson,https://en.wikipedia.org/wiki/Amber_Benson
Shari Springer Berman,https://en.wikipedia.org/wiki/Shari_Springer_Berman
Joyce Bernal,https://en.wikipedia.org/wiki/Joyce_Bernal
Juliet Berto,https://en.wikipedia.org/wiki/Juliet_Berto
Diane Bertrand,https://en.wikipedia.org/wiki/Diane_Bertrand
Maïwenn Le Besco,https://en.wikipedia.org/wiki/Ma%C3%AFwenn_Le_Besco
Jane Marsh Beveridge,https://en.wikipedia.org/wiki/Jane_Marsh_Beveridge
Troy Beyer,https://en.wikipedia.org/wiki/Troy_Beyer
Pooja Bhatt,https://en.wikipedia.org/wiki/Pooja_Bhatt
Susanne Bier,https://en.wikipedia.org/wiki/Susanne_Bier
Kathryn Bigelow,https://en.wikipedia.org/wiki/Kathryn_Bigelow
Anna Biller,https://en.wikipedia.org/wiki/Anna_Biller
Patricia Birch,https://en.wikipedia.org/wiki/Patricia_Birch
Antonia Bird,https://en.wikipedia.org/wiki/Antonia_Bird
Simone Bitton,https://en.wikipedia.org/wiki/Simone_Bitton
Sonia Blangiardo,https://en.wikipedia.org/wiki/Sonia_Blangiardo
Lidia Bobrova,https://en.wikipedia.org/wiki/Lidia_Bobrova
Anna Boden,https://en.wikipedia.org/wiki/Anna_Boden
Icíar Bollaín,https://en.wikipedia.org/wiki/Ic%C3%ADar_Bolla%C3%ADn
Natalya Bondarchuk,https://en.wikipedia.org/wiki/Natalya_Bondarchuk
Lisa Bonet,https://en.wikipedia.org/wiki/Lisa_Bonet
Sandrine Bonnaire,https://en.wikipedia.org/wiki/Sandrine_Bonnaire
Manju Borah,https://en.wikipedia.org/wiki/Manju_Borah
Shonali Bose,https://en.wikipedia.org/wiki/Shonali_Bose
Karen Boswall,https://en.wikipedia.org/wiki/Karen_Boswall
Leyla Bouzid,https://en.wikipedia.org/wiki/Leyla_Bouzid
Kansas Bowling,https://en.wikipedia.org/wiki/Kansas_Bowling
Muriel Box,https://en.wikipedia.org/wiki/Muriel_Box
Maureen Bradley,https://en.wikipedia.org/wiki/Maureen_Bradley
Maryann Brandon,https://en.wikipedia.org/wiki/Maryann_Brandon
Anja Breien,https://en.wikipedia.org/wiki/Anja_Breien
Catherine Breillat,https://en.wikipedia.org/wiki/Catherine_Breillat
Isabelle Breitman,https://en.wikipedia.org/wiki/Isabelle_Breitman
Zana Briski,https://en.wikipedia.org/wiki/Zana_Briski
Beth Broderick,https://en.wikipedia.org/wiki/Beth_Broderick
Katrina Holden Bronson,https://en.wikipedia.org/wiki/Katrina_Holden_Bronson
Katherine Brooks,https://en.wikipedia.org/wiki/Katherine_Brooks
Julie Brown,https://en.wikipedia.org/wiki/Julie_Brown
Christene Browne,https://en.wikipedia.org/wiki/Christene_Browne
Frances Buss Buch,https://en.wikipedia.org/wiki/Frances_Buss_Buch
Valerie Buhagiar,https://en.wikipedia.org/wiki/Valerie_Buhagiar
Nanette Burstein,https://en.wikipedia.org/wiki/Nanette_Burstein
Maria Burton,https://en.wikipedia.org/wiki/Maria_Burton
Sophia Bush,https://en.wikipedia.org/wiki/Sophia_Bush
Akosua Busia,https://en.wikipedia.org/wiki/Akosua_Busia
Dominique Cabrera,https://en.wikipedia.org/wiki/Dominique_Cabrera
Sophia Cacciola,https://en.wikipedia.org/wiki/Sophia_Cacciola
Anne-Marie Cadieux,https://en.wikipedia.org/wiki/Anne-Marie_Cadieux
Julia Cameron,https://en.wikipedia.org/wiki/Julia_Cameron
Tisha Campbell-Martin,https://en.wikipedia.org/wiki/Tisha_Campbell-Martin
Jane Campion,https://en.wikipedia.org/wiki/Jane_Campion
Kat Candler,https://en.wikipedia.org/wiki/Kat_Candler
Dyan Cannon,https://en.wikipedia.org/wiki/Dyan_Cannon
Fernanda Cardoso,https://en.wikipedia.org/wiki/Fernanda_Cardoso
Patricia Cardoso,https://en.wikipedia.org/wiki/Patricia_Cardoso
Edith Carlmar,https://en.wikipedia.org/wiki/Edith_Carlmar
Niki Caro,https://en.wikipedia.org/wiki/Niki_Caro
Albertina Carri,https://en.wikipedia.org/wiki/Albertina_Carri
Camille de Casabianca,https://en.wikipedia.org/wiki/Camille_de_Casabianca
Alana Cash,https://en.wikipedia.org/wiki/Alana_Cash
Alexandra Cassavetes,https://en.wikipedia.org/wiki/Alexandra_Cassavetes
Zoe Cassavetes,https://en.wikipedia.org/wiki/Zoe_Cassavetes
Cecil Castellucci,https://en.wikipedia.org/wiki/Cecil_Castellucci
Liliana Cavani,https://en.wikipedia.org/wiki/Liliana_Cavani
Jennifer Celotta,https://en.wikipedia.org/wiki/Jennifer_Celotta
Gurinder Chadha,https://en.wikipedia.org/wiki/Gurinder_Chadha
Ilene Chaiken,https://en.wikipedia.org/wiki/Ilene_Chaiken
Tanuja Chandra,https://en.wikipedia.org/wiki/Tanuja_Chandra
Sylvia Chang,https://en.wikipedia.org/wiki/Sylvia_Chang
Lilyan Chauvin,https://en.wikipedia.org/wiki/Lilyan_Chauvin
Shu Lea Cheang,https://en.wikipedia.org/wiki/Shu_Lea_Cheang
Shirley Cheechoo,https://en.wikipedia.org/wiki/Shirley_Cheechoo
Joan Chen,https://en.wikipedia.org/wiki/Joan_Chen
Mabel Cheung,https://en.wikipedia.org/wiki/Mabel_Cheung
Sagari Chhabra,https://en.wikipedia.org/wiki/Sagari_Chhabra
Patricia Chica,https://en.wikipedia.org/wiki/Patricia_Chica
Abigail Child,https://en.wikipedia.org/wiki/Abigail_Child
Lisa Cholodenko,https://en.wikipedia.org/wiki/Lisa_Cholodenko
Joyce Chopra,https://en.wikipedia.org/wiki/Joyce_Chopra
Zero Chou,https://en.wikipedia.org/wiki/Zero_Chou
Věra Chytilová,https://en.wikipedia.org/wiki/V%C4%9Bra_Chytilov%C3%A1
Katerina Cizek,https://en.wikipedia.org/wiki/Katerina_Cizek
Shirley Clarke,https://en.wikipedia.org/wiki/Shirley_Clarke
Maja Classen,https://en.wikipedia.org/wiki/Maja_Classen
Susan Cohen,https://en.wikipedia.org/wiki/Susan_Cohen
Isabel Coixet,https://en.wikipedia.org/wiki/Isabel_Coixet
Giada Colagrande,https://en.wikipedia.org/wiki/Giada_Colagrande
Janis Cole,https://en.wikipedia.org/wiki/Janis_Cole
Cristina Comencini,https://en.wikipedia.org/wiki/Cristina_Comencini
Nicole Conn,https://en.wikipedia.org/wiki/Nicole_Conn
Heather Connell,https://en.wikipedia.org/wiki/Heather_Connell
Lisa Connor,https://en.wikipedia.org/wiki/Lisa_Connor
Janice Cooke-Leonard,https://en.wikipedia.org/wiki/Janice_Cooke-Leonard
Martha Coolidge,https://en.wikipedia.org/wiki/Martha_Coolidge
Nancy Cooperstein,https://en.wikipedia.org/wiki/Nancy_Cooperstein
Eleanor Coppola,https://en.wikipedia.org/wiki/Eleanor_Coppola
Sofia Coppola,https://en.wikipedia.org/wiki/Sofia_Coppola
Cristina Kotz Cornejo,https://en.wikipedia.org/wiki/Cristina_Kotz_Cornejo
Catherine Corsini,https://en.wikipedia.org/wiki/Catherine_Corsini
Michèle Cournoyer,https://en.wikipedia.org/wiki/Mich%C3%A8le_Cournoyer
Courteney Cox,https://en.wikipedia.org/wiki/Courteney_Cox
Leanna Creel,https://en.wikipedia.org/wiki/Leanna_Creel
Emma-Kate Croghan,https://en.wikipedia.org/wiki/Emma-Kate_Croghan
Catherine Crouch,https://en.wikipedia.org/wiki/Catherine_Crouch
Fiona Cumming,https://en.wikipedia.org/wiki/Fiona_Cumming
Carolynne Cunningham,https://en.wikipedia.org/wiki/Carolynne_Cunningham
Shelley Curtis,https://en.wikipedia.org/wiki/Shelley_Curtis
Cherien Dabis,https://en.wikipedia.org/wiki/Cherien_Dabis
Eva Dahr,https://en.wikipedia.org/wiki/Eva_Dahr
Holly Dale,https://en.wikipedia.org/wiki/Holly_Dale
Mireille Dansereau,https://en.wikipedia.org/wiki/Mireille_Dansereau
Gia Darling,https://en.wikipedia.org/wiki/Gia_Darling
Joan Darling,https://en.wikipedia.org/wiki/Joan_Darling
Julie Dash,https://en.wikipedia.org/wiki/Julie_Dash
Byambasuren Davaa,https://en.wikipedia.org/wiki/Byambasuren_Davaa
Dorothy Davenport,https://en.wikipedia.org/wiki/Dorothy_Davenport
Tamra Davis,https://en.wikipedia.org/wiki/Tamra_Davis
Roxann Dawson,https://en.wikipedia.org/wiki/Roxann_Dawson
Linda Day,https://en.wikipedia.org/wiki/Linda_Day
Tracey Deer,https://en.wikipedia.org/wiki/Tracey_Deer
Regine Deforges,https://en.wikipedia.org/wiki/Regine_Deforges
Donna Deitch,https://en.wikipedia.org/wiki/Donna_Deitch
Julie Delpy,https://en.wikipedia.org/wiki/Julie_Delpy
Claire Denis,https://en.wikipedia.org/wiki/Claire_Denis
Pouran Derakhshandeh,https://en.wikipedia.org/wiki/Pouran_Derakhshandeh
Maya Deren,https://en.wikipedia.org/wiki/Maya_Deren
Dhvani Desai,https://en.wikipedia.org/wiki/Dhvani_Desai
Virginie Despentes,https://en.wikipedia.org/wiki/Virginie_Despentes
Arundhati Devi,https://en.wikipedia.org/wiki/Arundhati_Devi
Vivienne Dick,https://en.wikipedia.org/wiki/Vivienne_Dick
Katherine Dieckmann,https://en.wikipedia.org/wiki/Katherine_Dieckmann
Susie Dietter,https://en.wikipedia.org/wiki/Susie_Dietter
Mati Diop,https://en.wikipedia.org/wiki/Mati_Diop
Abigail Disney,https://en.wikipedia.org/wiki/Abigail_Disney
Leila Djansi,https://en.wikipedia.org/wiki/Leila_Djansi
Assia Djebar,https://en.wikipedia.org/wiki/Assia_Djebar
Yinka Djin,https://en.wikipedia.org/wiki/Yinka_Djin
Nana Djordjadze,https://en.wikipedia.org/wiki/Nana_Djordjadze
Shannen Doherty,https://en.wikipedia.org/wiki/Shannen_Doherty
Gail Dolgin,https://en.wikipedia.org/wiki/Gail_Dolgin
Doris Dörrie,https://en.wikipedia.org/wiki/Doris_D%C3%B6rrie
Illeana Douglas,https://en.wikipedia.org/wiki/Illeana_Douglas
Elissa Down,https://en.wikipedia.org/wiki/Elissa_Down
Polly Draper,https://en.wikipedia.org/wiki/Polly_Draper
Fran Drescher,https://en.wikipedia.org/wiki/Fran_Drescher
Germaine Dulac,https://en.wikipedia.org/wiki/Germaine_Dulac
Alma Duncan,https://en.wikipedia.org/wiki/Alma_Duncan
Lena Dunham,https://en.wikipedia.org/wiki/Lena_Dunham
Cheryl Dunye,https://en.wikipedia.org/wiki/Cheryl_Dunye
Marguerite Duras,https://en.wikipedia.org/wiki/Marguerite_Duras
Clea DuVall,https://en.wikipedia.org/wiki/Clea_DuVall
Ava DuVernay,https://en.wikipedia.org/wiki/Ava_DuVernay
Christine Edzard,https://en.wikipedia.org/wiki/Christine_Edzard
Michelle Ehlen,https://en.wikipedia.org/wiki/Michelle_Ehlen
Debra Eisenstadt,https://en.wikipedia.org/wiki/Debra_Eisenstadt
Jihan El-Tahri,https://en.wikipedia.org/wiki/Jihan_El-Tahri
Jan Eliasberg,https://en.wikipedia.org/wiki/Jan_Eliasberg
Bille Eltringham,https://en.wikipedia.org/wiki/Bille_Eltringham
Erma Elzy-Jones,https://en.wikipedia.org/wiki/Erma_Elzy-Jones
Diane English,https://en.wikipedia.org/wiki/Diane_English
Ildikó Enyedi,https://en.wikipedia.org/wiki/Ildik%C3%B3_Enyedi
Nora Ephron,https://en.wikipedia.org/wiki/Nora_Ephron
Marie Epstein,https://en.wikipedia.org/wiki/Marie_Epstein
Abby Epstein,https://en.wikipedia.org/wiki/Abby_Epstein
Deniz Gamze Ergüven,https://en.wikipedia.org/wiki/Deniz_Gamze_Erg%C3%BCven
Bang Eun-jin,https://en.wikipedia.org/wiki/Bang_Eun-jin
Ewa Ewart,https://en.wikipedia.org/wiki/Ewa_Ewart
Valie Export,https://en.wikipedia.org/wiki/Valie_Export
Trey Fanjoy,https://en.wikipedia.org/wiki/Trey_Fanjoy
Mitra Farahani,https://en.wikipedia.org/wiki/Mitra_Farahani
Danielle Faraldo,https://en.wikipedia.org/wiki/Danielle_Faraldo
Vera Farmiga,https://en.wikipedia.org/wiki/Vera_Farmiga
Forough Farrokhzad,https://en.wikipedia.org/wiki/Forough_Farrokhzad
Sepideh Farsi,https://en.wikipedia.org/wiki/Sepideh_Farsi
Safi Faye,https://en.wikipedia.org/wiki/Safi_Faye
Rachel Feldman,https://en.wikipedia.org/wiki/Rachel_Feldman
Lynne Fernie,https://en.wikipedia.org/wiki/Lynne_Fernie
Sally Field,https://en.wikipedia.org/wiki/Sally_Field
Chip Fields,https://en.wikipedia.org/wiki/Chip_Fields
Kim Fields,https://en.wikipedia.org/wiki/Kim_Fields
Martha Fiennes,https://en.wikipedia.org/wiki/Martha_Fiennes
Sophie Fiennes,https://en.wikipedia.org/wiki/Sophie_Fiennes
Denise Filiatrault,https://en.wikipedia.org/wiki/Denise_Filiatrault
Roberta Findlay,https://en.wikipedia.org/wiki/Roberta_Findlay
Frauke Finsterwalder,https://en.wikipedia.org/wiki/Frauke_Finsterwalder
Jenna Fischer,https://en.wikipedia.org/wiki/Jenna_Fischer
Jennifer Flackett,https://en.wikipedia.org/wiki/Jennifer_Flackett
Tracy Flannigan,https://en.wikipedia.org/wiki/Tracy_Flannigan
Luise Fleck,https://en.wikipedia.org/wiki/Luise_Fleck
Ann Marie Fleming,https://en.wikipedia.org/wiki/Ann_Marie_Fleming
Anne Fletcher,https://en.wikipedia.org/wiki/Anne_Fletcher
Anna Foerster,https://en.wikipedia.org/wiki/Anna_Foerster
Sheree Folkson,https://en.wikipedia.org/wiki/Sheree_Folkson
Anne Fontaine,https://en.wikipedia.org/wiki/Anne_Fontaine
Maya Forbes,https://en.wikipedia.org/wiki/Maya_Forbes
Sadaf Foroughi,https://en.wikipedia.org/wiki/Sadaf_Foroughi
Jodie Foster,https://en.wikipedia.org/wiki/Jodie_Foster
Kathryn Foster,https://en.wikipedia.org/wiki/Kathryn_Foster
Lilibet Foster,https://en.wikipedia.org/wiki/Lilibet_Foster
Beryl Fox,https://en.wikipedia.org/wiki/Beryl_Fox
Bonnie Franklin,https://en.wikipedia.org/wiki/Bonnie_Franklin
Raquel Freire,https://en.wikipedia.org/wiki/Raquel_Freire
Liz Friedlander,https://en.wikipedia.org/wiki/Liz_Friedlander
Kim Friedman,https://en.wikipedia.org/wiki/Kim_Friedman
Vivi Friedman,https://en.wikipedia.org/wiki/Vivi_Friedman
Su Friedrich,https://en.wikipedia.org/wiki/Su_Friedrich
Shirley Frimpong-Manso,https://en.wikipedia.org/wiki/Shirley_Frimpong-Manso
Grete Frische,https://en.wikipedia.org/wiki/Grete_Frische
Sarah Frost,https://en.wikipedia.org/wiki/Sarah_Frost
Soleil Moon Frye,https://en.wikipedia.org/wiki/Soleil_Moon_Frye
Pamela Fryman,https://en.wikipedia.org/wiki/Pamela_Fryman
Kei Fujiwara,https://en.wikipedia.org/wiki/Kei_Fujiwara
Bethany Joy Galeotti,https://en.wikipedia.org/wiki/Bethany_Joy_Galeotti
Nisha Ganatra,https://en.wikipedia.org/wiki/Nisha_Ganatra
Liz Garbus,https://en.wikipedia.org/wiki/Liz_Garbus
Nicole Garcia,https://en.wikipedia.org/wiki/Nicole_Garcia
Jennifer Garner,https://en.wikipedia.org/wiki/Jennifer_Garner
Katja von Garnier,https://en.wikipedia.org/wiki/Katja_von_Garnier
Katy Garretson,https://en.wikipedia.org/wiki/Katy_Garretson
Jennie Garth,https://en.wikipedia.org/wiki/Jennie_Garth
Karen Gaviola,https://en.wikipedia.org/wiki/Karen_Gaviola
Julie Gavras,https://en.wikipedia.org/wiki/Julie_Gavras
Sarah Gavron,https://en.wikipedia.org/wiki/Sarah_Gavron
Katrin Gebbe,https://en.wikipedia.org/wiki/Katrin_Gebbe
Geretta Geretta,https://en.wikipedia.org/wiki/Geretta_Geretta
Jennifer Getzinger,https://en.wikipedia.org/wiki/Jennifer_Getzinger
Tina Gharavi,https://en.wikipedia.org/wiki/Tina_Gharavi
Coky Giedroyc,https://en.wikipedia.org/wiki/Coky_Giedroyc
Maria Giese,https://en.wikipedia.org/wiki/Maria_Giese
Melody Gilbert,https://en.wikipedia.org/wiki/Melody_Gilbert
Melissa Gilbert,https://en.wikipedia.org/wiki/Melissa_Gilbert
Leah Gilliam,https://en.wikipedia.org/wiki/Leah_Gilliam
Abby Ginzberg,https://en.wikipedia.org/wiki/Abby_Ginzberg
Lillian Gish,https://en.wikipedia.org/wiki/Lillian_Gish
Ellen Gittelsohn,https://en.wikipedia.org/wiki/Ellen_Gittelsohn
Lesli Linka Glatter,https://en.wikipedia.org/wiki/Lesli_Linka_Glatter
Delphine Gleize,https://en.wikipedia.org/wiki/Delphine_Gleize
Alesia Glidewell,https://en.wikipedia.org/wiki/Alesia_Glidewell
Lana Gogoberidze,https://en.wikipedia.org/wiki/Lana_Gogoberidze
Whoopi Goldberg,https://en.wikipedia.org/wiki/Whoopi_Goldberg
Dennie Gordon,https://en.wikipedia.org/wiki/Dennie_Gordon
Marleen Gorris,https://en.wikipedia.org/wiki/Marleen_Gorris
Rachel Goslins,https://en.wikipedia.org/wiki/Rachel_Goslins
Lisa Gottlieb,https://en.wikipedia.org/wiki/Lisa_Gottlieb
Marita Grabiak,https://en.wikipedia.org/wiki/Marita_Grabiak
Debra Granik,https://en.wikipedia.org/wiki/Debra_Granik
Lee Grant,https://en.wikipedia.org/wiki/Lee_Grant
Susannah Grant,https://en.wikipedia.org/wiki/Susannah_Grant
Janet Greek,https://en.wikipedia.org/wiki/Janet_Greek
Lynnie Greene,https://en.wikipedia.org/wiki/Lynnie_Greene
Amy Greenfield,https://en.wikipedia.org/wiki/Amy_Greenfield
Lauren Greenfield,https://en.wikipedia.org/wiki/Lauren_Greenfield
Maggie Greenwald,https://en.wikipedia.org/wiki/Maggie_Greenwald
Annie Griffin,https://en.wikipedia.org/wiki/Annie_Griffin
Allison Grodner,https://en.wikipedia.org/wiki/Allison_Grodner
Esther Gronenborn,https://en.wikipedia.org/wiki/Esther_Gronenborn
Aurora Guerrero,https://en.wikipedia.org/wiki/Aurora_Guerrero
Sonali Gulati,https://en.wikipedia.org/wiki/Sonali_Gulati
Xiaolu Guo,https://en.wikipedia.org/wiki/Xiaolu_Guo
Alice Guy-Blaché,https://en.wikipedia.org/wiki/Alice_Guy-Blach%C3%A9
Jasmine Guy,https://en.wikipedia.org/wiki/Jasmine_Guy
Marion Hänsel,https://en.wikipedia.org/wiki/Marion_H%C3%A4nsel
Julie Hébert,https://en.wikipedia.org/wiki/Julie_H%C3%A9bert
Lucile Hadžihalilović,https://en.wikipedia.org/wiki/Lucile_Had%C5%BEihalilovi%C4%87
Joana Hadjithomas,https://en.wikipedia.org/wiki/Joana_Hadjithomas
Mona Zandi Haghighi,https://en.wikipedia.org/wiki/Mona_Zandi_Haghighi
Randa Haines,https://en.wikipedia.org/wiki/Randa_Haines
Sachi Hamano,https://en.wikipedia.org/wiki/Sachi_Hamano
Sylvia Hamilton,https://en.wikipedia.org/wiki/Sylvia_Hamilton
Lisa Gay Hamilton,https://en.wikipedia.org/wiki/Lisa_Gay_Hamilton
Tanya Hamilton,https://en.wikipedia.org/wiki/Tanya_Hamilton
Barbara Hammer,https://en.wikipedia.org/wiki/Barbara_Hammer
Sanaa Hamri,https://en.wikipedia.org/wiki/Sanaa_Hamri
Mia Hansen-Løve,https://en.wikipedia.org/wiki/Mia_Hansen-L%C3%B8ve
Neasa Hardiman,https://en.wikipedia.org/wiki/Neasa_Hardiman
Catherine Hardwicke,https://en.wikipedia.org/wiki/Catherine_Hardwicke
Danielle Harris,https://en.wikipedia.org/wiki/Danielle_Harris
Mary Harron,https://en.wikipedia.org/wiki/Mary_Harron
Jackée Harry,https://en.wikipedia.org/wiki/Jack%C3%A9e_Harry
Melissa Joan Hart,https://en.wikipedia.org/wiki/Melissa_Joan_Hart
Jessica Hausner,https://en.wikipedia.org/wiki/Jessica_Hausner
Goldie Hawn,https://en.wikipedia.org/wiki/Goldie_Hawn
Salma Hayek,https://en.wikipedia.org/wiki/Salma_Hayek
Helaine Head,https://en.wikipedia.org/wiki/Helaine_Head
Anne Heche,https://en.wikipedia.org/wiki/Anne_Heche
Jen Heck,https://en.wikipedia.org/wiki/Jen_Heck
Amy Heckerling,https://en.wikipedia.org/wiki/Amy_Heckerling
Birgit Hein,https://en.wikipedia.org/wiki/Birgit_Hein
Manijeh Hekmat,https://en.wikipedia.org/wiki/Manijeh_Hekmat
Marielle Heller,https://en.wikipedia.org/wiki/Marielle_Heller
Katherine Helmond,https://en.wikipedia.org/wiki/Katherine_Helmond
Heather Hemmens,https://en.wikipedia.org/wiki/Heather_Hemmens
Astrid Henning-Jensen,https://en.wikipedia.org/wiki/Astrid_Henning-Jensen
Jennifer Love Hewitt,https://en.wikipedia.org/wiki/Jennifer_Love_Hewitt
Sachiko Hidari,https://en.wikipedia.org/wiki/Sachiko_Hidari
Cheryl Hines,https://en.wikipedia.org/wiki/Cheryl_Hines
Ivy Ho,https://en.wikipedia.org/wiki/Ivy_Ho
Lyndall Hobbs,https://en.wikipedia.org/wiki/Lyndall_Hobbs
Victoria Hochberg,https://en.wikipedia.org/wiki/Victoria_Hochberg
Tamar Simon Hoffs,https://en.wikipedia.org/wiki/Tamar_Simon_Hoffs
Joanna Hogg,https://en.wikipedia.org/wiki/Joanna_Hogg
Agnieszka Holland,https://en.wikipedia.org/wiki/Agnieszka_Holland
Helen Holmes,https://en.wikipedia.org/wiki/Helen_Holmes
Peggy Holmes,https://en.wikipedia.org/wiki/Peggy_Holmes
Nicole Holofcener,https://en.wikipedia.org/wiki/Nicole_Holofcener
Mahboubeh Honarian,https://en.wikipedia.org/wiki/Mahboubeh_Honarian
Solveig Hoogesteijn,https://en.wikipedia.org/wiki/Solveig_Hoogesteijn
Gwyneth Horder-Payton,https://en.wikipedia.org/wiki/Gwyneth_Horder-Payton
Rebecca Horn,https://en.wikipedia.org/wiki/Rebecca_Horn
Anna Maria Horsford,https://en.wikipedia.org/wiki/Anna_Maria_Horsford
Sally El Hosaini,https://en.wikipedia.org/wiki/Sally_El_Hosaini
Dianne Houston,https://en.wikipedia.org/wiki/Dianne_Houston
Bryce Dallas Howard,https://en.wikipedia.org/wiki/Bryce_Dallas_Howard
Bronwen Hughes,https://en.wikipedia.org/wiki/Bronwen_Hughes
Ann Hui,https://en.wikipedia.org/wiki/Ann_Hui
Danielle Huillet,https://en.wikipedia.org/wiki/Danielle_Huillet
Bonnie Hunt,https://en.wikipedia.org/wiki/Bonnie_Hunt
Courtney Hunt,https://en.wikipedia.org/wiki/Courtney_Hunt
Helen Hunt,https://en.wikipedia.org/wiki/Helen_Hunt
Nicki Hunter,https://en.wikipedia.org/wiki/Nicki_Hunter
Tonya Hurley,https://en.wikipedia.org/wiki/Tonya_Hurley
Anjelica Huston,https://en.wikipedia.org/wiki/Anjelica_Huston
Indrani,https://en.wikipedia.org/wiki/Indrani
Laura Innes,https://en.wikipedia.org/wiki/Laura_Innes
Diana Lee Inosanto,https://en.wikipedia.org/wiki/Diana_Lee_Inosanto
Bodil Ipsen,https://en.wikipedia.org/wiki/Bodil_Ipsen
Elisapie Isaac,https://en.wikipedia.org/wiki/Elisapie_Isaac
Debbie Isitt,https://en.wikipedia.org/wiki/Debbie_Isitt
Madeline Ivalu,https://en.wikipedia.org/wiki/Madeline_Ivalu
Julia Crawford Ivers,https://en.wikipedia.org/wiki/Julia_Crawford_Ivers
Mehreen Jabbar,https://en.wikipedia.org/wiki/Mehreen_Jabbar
Annemarie Jacir,https://en.wikipedia.org/wiki/Annemarie_Jacir
Katie Jacobs,https://en.wikipedia.org/wiki/Katie_Jacobs
Sarah Jacobson,https://en.wikipedia.org/wiki/Sarah_Jacobson
Jeong Jae-eun,https://en.wikipedia.org/wiki/Jeong_Jae-eun
Wanda Jakubowska,https://en.wikipedia.org/wiki/Wanda_Jakubowska
Annabel Jankel,https://en.wikipedia.org/wiki/Annabel_Jankel
Agnès Jaoui,https://en.wikipedia.org/wiki/Agn%C3%A8s_Jaoui
Marianne Jean-Baptiste,https://en.wikipedia.org/wiki/Marianne_Jean-Baptiste
Christine Jeffs,https://en.wikipedia.org/wiki/Christine_Jeffs
Patty Jenkins,https://en.wikipedia.org/wiki/Patty_Jenkins
Tamara Jenkins,https://en.wikipedia.org/wiki/Tamara_Jenkins
Xiao Jiang,https://en.wikipedia.org/wiki/Xiao_Jiang
Liu Jiayin,https://en.wikipedia.org/wiki/Liu_Jiayin
Xu Jinglei,https://en.wikipedia.org/wiki/Xu_Jinglei
Angelina Jolie,https://en.wikipedia.org/wiki/Angelina_Jolie
Hella Joof,https://en.wikipedia.org/wiki/Hella_Joof
Yashira Jordán,https://en.wikipedia.org/wiki/Yashira_Jord%C3%A1n
Nana Jorjadze,https://en.wikipedia.org/wiki/Nana_Jorjadze
Suma Josson,https://en.wikipedia.org/wiki/Suma_Josson
Petra Joy,https://en.wikipedia.org/wiki/Petra_Joy
Maureen Judge,https://en.wikipedia.org/wiki/Maureen_Judge
Miranda July,https://en.wikipedia.org/wiki/Miranda_July
Shahnewaz Kakoli,https://en.wikipedia.org/wiki/Shahnewaz_Kakoli
Alex Kalymnios,https://en.wikipedia.org/wiki/Alex_Kalymnios
Deborah Kampmeier,https://en.wikipedia.org/wiki/Deborah_Kampmeier
Ellie Kanner,https://en.wikipedia.org/wiki/Ellie_Kanner
Nelly Kaplan,https://en.wikipedia.org/wiki/Nelly_Kaplan
Betty Kaplan,https://en.wikipedia.org/wiki/Betty_Kaplan
Deborah Kaplan,https://en.wikipedia.org/wiki/Deborah_Kaplan
Prema Karanth,https://en.wikipedia.org/wiki/Prema_Karanth
Niki Karimi,https://en.wikipedia.org/wiki/Niki_Karimi
Anna Karina,https://en.wikipedia.org/wiki/Anna_Karina
Alexa Karolinski,https://en.wikipedia.org/wiki/Alexa_Karolinski
Matia Karrell,https://en.wikipedia.org/wiki/Matia_Karrell
Nicole Kassell,https://en.wikipedia.org/wiki/Nicole_Kassell
Daphna Kastner,https://en.wikipedia.org/wiki/Daphna_Kastner
Nancy Kates,https://en.wikipedia.org/wiki/Nancy_Kates
Ish Amitoj Kaur,https://en.wikipedia.org/wiki/Ish_Amitoj_Kaur
Mariko Kawana,https://en.wikipedia.org/wiki/Mariko_Kawana
Naomi Kawase,https://en.wikipedia.org/wiki/Naomi_Kawase
Diane Keaton,https://en.wikipedia.org/wiki/Diane_Keaton
Elodie Keene,https://en.wikipedia.org/wiki/Elodie_Keene
Alan Rowe Kelly,https://en.wikipedia.org/wiki/Alan_Rowe_Kelly
Jennifer Kent,https://en.wikipedia.org/wiki/Jennifer_Kent
Elza Kephart,https://en.wikipedia.org/wiki/Elza_Kephart
Sarah Kernochan,https://en.wikipedia.org/wiki/Sarah_Kernochan
Joanna Kerns,https://en.wikipedia.org/wiki/Joanna_Kerns
Dorota Kędzierzawska,https://en.wikipedia.org/wiki/Dorota_K%C4%99dzierzawska
Farah Khan,https://en.wikipedia.org/wiki/Farah_Khan
Callie Khouri,https://en.wikipedia.org/wiki/Callie_Khouri
Beeban Kidron,https://en.wikipedia.org/wiki/Beeban_Kidron
Kaleena Kiff,https://en.wikipedia.org/wiki/Kaleena_Kiff
Ceyda Aslı Kılıçkıran,https://en.wikipedia.org/wiki/Ceyda_Asl%C4%B1_K%C4%B1l%C4%B1%C3%A7k%C4%B1ran
Clare Kilner,https://en.wikipedia.org/wiki/Clare_Kilner
Jacqueline Kim,https://en.wikipedia.org/wiki/Jacqueline_Kim
So Yong Kim,https://en.wikipedia.org/wiki/So_Yong_Kim
Eilis Kirwan,https://en.wikipedia.org/wiki/Eilis_Kirwan
Eriko Kitagawa,https://en.wikipedia.org/wiki/Eriko_Kitagawa
Bonnie Sherr Klein,https://en.wikipedia.org/wiki/Bonnie_Sherr_Klein
Ana Kokkinos,https://en.wikipedia.org/wiki/Ana_Kokkinos
Kathy Kolla,https://en.wikipedia.org/wiki/Kathy_Kolla
Larysa Kondracki,https://en.wikipedia.org/wiki/Larysa_Kondracki
Barbara Kopple,https://en.wikipedia.org/wiki/Barbara_Kopple
Torill Kove,https://en.wikipedia.org/wiki/Torill_Kove
Ellen Kuras,https://en.wikipedia.org/wiki/Ellen_Kuras
Diane Kurys,https://en.wikipedia.org/wiki/Diane_Kurys
Karyn Kusama,https://en.wikipedia.org/wiki/Karyn_Kusama
Julia Kwan,https://en.wikipedia.org/wiki/Julia_Kwan
Nadine Labaki,https://en.wikipedia.org/wiki/Nadine_Labaki
Christine Lahti,https://en.wikipedia.org/wiki/Christine_Lahti
Kalpana Lajmi,https://en.wikipedia.org/wiki/Kalpana_Lajmi
Evelyn Lambart,https://en.wikipedia.org/wiki/Evelyn_Lambart
Alix Lambert,https://en.wikipedia.org/wiki/Alix_Lambert
Micheline Lanctôt,https://en.wikipedia.org/wiki/Micheline_Lanct%C3%B4t
Jessica Landaw,https://en.wikipedia.org/wiki/Jessica_Landaw
Valerie Landsburg,https://en.wikipedia.org/wiki/Valerie_Landsburg
Yelena Lanskaya,https://en.wikipedia.org/wiki/Yelena_Lanskaya
Clara Law,https://en.wikipedia.org/wiki/Clara_Law
Tracie Laymon,https://en.wikipedia.org/wiki/Tracie_Laymon
Margaret Lazarus,https://en.wikipedia.org/wiki/Margaret_Lazarus
Lauren Lazin,https://en.wikipedia.org/wiki/Lauren_Lazin
Caroline Leaf,https://en.wikipedia.org/wiki/Caroline_Leaf
Alexandra Leclère,https://en.wikipedia.org/wiki/Alexandra_Lecl%C3%A8re
Mimi Leder,https://en.wikipedia.org/wiki/Mimi_Leder
Georgia Lee,https://en.wikipedia.org/wiki/Georgia_Lee
Iara Lee,https://en.wikipedia.org/wiki/Iara_Lee
Wendee Lee,https://en.wikipedia.org/wiki/Wendee_Lee
Kat Lehmer,https://en.wikipedia.org/wiki/Kat_Lehmer
Julia Leigh,https://en.wikipedia.org/wiki/Julia_Leigh
Jennifer Jason Leigh,https://en.wikipedia.org/wiki/Jennifer_Jason_Leigh
Kasi Lemmons,https://en.wikipedia.org/wiki/Kasi_Lemmons
Naomi Levine,https://en.wikipedia.org/wiki/Naomi_Levine
Mary Lewis,https://en.wikipedia.org/wiki/Mary_Lewis
Leslie Libman,https://en.wikipedia.org/wiki/Leslie_Libman
Yin Lichuan,https://en.wikipedia.org/wiki/Yin_Lichuan
Allison Liddi-Brown,https://en.wikipedia.org/wiki/Allison_Liddi-Brown
Rakel Liekki,https://en.wikipedia.org/wiki/Rakel_Liekki
Georgina Lightning,https://en.wikipedia.org/wiki/Georgina_Lightning
Nnegest Likké,https://en.wikipedia.org/wiki/Nnegest_Likk%C3%A9
Desiree Lim,https://en.wikipedia.org/wiki/Desiree_Lim
Caroline Link,https://en.wikipedia.org/wiki/Caroline_Link
Tatyana Lioznova,https://en.wikipedia.org/wiki/Tatyana_Lioznova
Marion Lipschutz,https://en.wikipedia.org/wiki/Marion_Lipschutz
Lynne Littman,https://en.wikipedia.org/wiki/Lynne_Littman
Renata Litvinova,https://en.wikipedia.org/wiki/Renata_Litvinova
Jennie Livingston,https://en.wikipedia.org/wiki/Jennie_Livingston
Ma Liwen,https://en.wikipedia.org/wiki/Ma_Liwen
Claudia Llosa,https://en.wikipedia.org/wiki/Claudia_Llosa
Phyllida Lloyd,https://en.wikipedia.org/wiki/Phyllida_Lloyd
Jayne Loader,https://en.wikipedia.org/wiki/Jayne_Loader
Sondra Locke,https://en.wikipedia.org/wiki/Sondra_Locke
Barbara Loden,https://en.wikipedia.org/wiki/Barbara_Loden
Julie Lofton,https://en.wikipedia.org/wiki/Julie_Lofton
Julia Loktev,https://en.wikipedia.org/wiki/Julia_Loktev
Kim Longinotto,https://en.wikipedia.org/wiki/Kim_Longinotto
Juliana Luecking,https://en.wikipedia.org/wiki/Juliana_Luecking
Agnieszka Lukasiak,https://en.wikipedia.org/wiki/Agnieszka_Lukasiak
Kátia Lund,https://en.wikipedia.org/wiki/K%C3%A1tia_Lund
Luo Luo,https://en.wikipedia.org/wiki/Luo_Luo
Ida Lupino,https://en.wikipedia.org/wiki/Ida_Lupino
Joy Lusco,https://en.wikipedia.org/wiki/Joy_Lusco
Noémie Lvovsky,https://en.wikipedia.org/wiki/No%C3%A9mie_Lvovsky
Lottie Lyell,https://en.wikipedia.org/wiki/Lottie_Lyell
Dorothy Lyman,https://en.wikipedia.org/wiki/Dorothy_Lyman
Jennifer Lynch,https://en.wikipedia.org/wiki/Jennifer_Lynch
Laurie Lynd,https://en.wikipedia.org/wiki/Laurie_Lynd
Lisbeth Lynghøft,https://en.wikipedia.org/wiki/Lisbeth_Lyngh%C3%B8ft
Gillian Lynne,https://en.wikipedia.org/wiki/Gillian_Lynne
Márta Mészáros,https://en.wikipedia.org/wiki/M%C3%A1rta_M%C3%A9sz%C3%A1ros
Laura Mañá,https://en.wikipedia.org/wiki/Laura_Ma%C3%B1%C3%A1
Kate Maberly,https://en.wikipedia.org/wiki/Kate_Maberly
Angelina Maccarone,https://en.wikipedia.org/wiki/Angelina_Maccarone
Hettie MacDonald,https://en.wikipedia.org/wiki/Hettie_MacDonald
Allison Mack,https://en.wikipedia.org/wiki/Allison_Mack
Michelle MacLaren,https://en.wikipedia.org/wiki/Michelle_MacLaren
Alison Maclean,https://en.wikipedia.org/wiki/Alison_Maclean
Aoife Madden,https://en.wikipedia.org/wiki/Aoife_Madden
Mary Madeiras,https://en.wikipedia.org/wiki/Mary_Madeiras
Maïwenn,https://en.wikipedia.org/wiki/Ma%C3%AFwenn
Maria Maggenti,https://en.wikipedia.org/wiki/Maria_Maggenti
Adriana Maggs,https://en.wikipedia.org/wiki/Adriana_Maggs
Sharon Maguire,https://en.wikipedia.org/wiki/Sharon_Maguire
Hana Makhmalbaf,https://en.wikipedia.org/wiki/Hana_Makhmalbaf
Samira Makhmalbaf,https://en.wikipedia.org/wiki/Samira_Makhmalbaf
Sarah Maldoror,https://en.wikipedia.org/wiki/Sarah_Maldoror
Yassamin Maleknasr,https://en.wikipedia.org/wiki/Yassamin_Maleknasr
Anna Malle,https://en.wikipedia.org/wiki/Anna_Malle
Nancy Malone,https://en.wikipedia.org/wiki/Nancy_Malone
Gail Mancuso,https://en.wikipedia.org/wiki/Gail_Mancuso
Babette Mangolte,https://en.wikipedia.org/wiki/Babette_Mangolte
Suhasini Maniratnam,https://en.wikipedia.org/wiki/Suhasini_Maniratnam
Andrea Mann,https://en.wikipedia.org/wiki/Andrea_Mann
Ami Canaan Mann,https://en.wikipedia.org/wiki/Ami_Canaan_Mann
Michelle Manning,https://en.wikipedia.org/wiki/Michelle_Manning
Dinah Manoff,https://en.wikipedia.org/wiki/Dinah_Manoff
Sophie Marceau,https://en.wikipedia.org/wiki/Sophie_Marceau
Frances Marion,https://en.wikipedia.org/wiki/Frances_Marion
Eisha Marjara,https://en.wikipedia.org/wiki/Eisha_Marjara
Giulia Marletta,https://en.wikipedia.org/wiki/Giulia_Marletta
Alina Marazzi,https://en.wikipedia.org/wiki/Alina_Marazzi
Tonie Marshall,https://en.wikipedia.org/wiki/Tonie_Marshall
Penny Marshall,https://en.wikipedia.org/wiki/Penny_Marshall
Lucrecia Martel,https://en.wikipedia.org/wiki/Lucrecia_Martel
Darnell Martin,https://en.wikipedia.org/wiki/Darnell_Martin
Aurora Martinez,https://en.wikipedia.org/wiki/Aurora_Martinez
Marsha Mason,https://en.wikipedia.org/wiki/Marsha_Mason
Laetitia Masson,https://en.wikipedia.org/wiki/Laetitia_Masson
Mary Stuart Masterson,https://en.wikipedia.org/wiki/Mary_Stuart_Masterson
Anna Mastro,https://en.wikipedia.org/wiki/Anna_Mastro
Tomoko Matsunashi,https://en.wikipedia.org/wiki/Tomoko_Matsunashi
Juliet May,https://en.wikipedia.org/wiki/Juliet_May
Elaine May,https://en.wikipedia.org/wiki/Elaine_May
Daisy von Scherler Mayer,https://en.wikipedia.org/wiki/Daisy_von_Scherler_Mayer
Melanie Mayron,https://en.wikipedia.org/wiki/Melanie_Mayron
Patricia Mazuy,https://en.wikipedia.org/wiki/Patricia_Mazuy
Aoife McArdle,https://en.wikipedia.org/wiki/Aoife_McArdle
Elske McCain,https://en.wikipedia.org/wiki/Elske_McCain
Beth McCarthy-Miller,https://en.wikipedia.org/wiki/Beth_McCarthy-Miller
Claire McCarthy,https://en.wikipedia.org/wiki/Claire_McCarthy
Paulette McDonagh,https://en.wikipedia.org/wiki/Paulette_McDonagh
Sally McDonald,https://en.wikipedia.org/wiki/Sally_McDonald
Francine McDougall,https://en.wikipedia.org/wiki/Francine_McDougall
Mary McGuckian,https://en.wikipedia.org/wiki/Mary_McGuckian
Danica McKellar,https://en.wikipedia.org/wiki/Danica_McKellar
Nancy McKeon,https://en.wikipedia.org/wiki/Nancy_McKeon
Tawnia McKiernan,https://en.wikipedia.org/wiki/Tawnia_McKiernan
Carolyn McMaster,https://en.wikipedia.org/wiki/Carolyn_McMaster
Nancy Meckler,https://en.wikipedia.org/wiki/Nancy_Meckler
Maria de Medeiros,https://en.wikipedia.org/wiki/Maria_de_Medeiros
Deepa Mehta,https://en.wikipedia.org/wiki/Deepa_Mehta
Vijaya Mehta,https://en.wikipedia.org/wiki/Vijaya_Mehta
Hu Mei,https://en.wikipedia.org/wiki/Hu_Mei
Ursula Meier,https://en.wikipedia.org/wiki/Ursula_Meier
Anna Melikian,https://en.wikipedia.org/wiki/Anna_Melikian
Kay Mellor,https://en.wikipedia.org/wiki/Kay_Mellor
Linda Mendoza,https://en.wikipedia.org/wiki/Linda_Mendoza
Nina Menkes,https://en.wikipedia.org/wiki/Nina_Menkes
Anjali Menon,https://en.wikipedia.org/wiki/Anjali_Menon
Agnès Merlet,https://en.wikipedia.org/wiki/Agn%C3%A8s_Merlet
Marziyeh Meshkini,https://en.wikipedia.org/wiki/Marziyeh_Meshkini
Leah Meyerhoff,https://en.wikipedia.org/wiki/Leah_Meyerhoff
Nancy Meyers,https://en.wikipedia.org/wiki/Nancy_Meyers
Anne-Marie Miéville,https://en.wikipedia.org/wiki/Anne-Marie_Mi%C3%A9ville
Vanessa Middleton,https://en.wikipedia.org/wiki/Vanessa_Middleton
Tamineh Milani,https://en.wikipedia.org/wiki/Tamineh_Milani
Elisa Miller,https://en.wikipedia.org/wiki/Elisa_Miller
Rebecca Miller,https://en.wikipedia.org/wiki/Rebecca_Miller
Sharron Miller,https://en.wikipedia.org/wiki/Sharron_Miller
Pilar Miró,https://en.wikipedia.org/wiki/Pilar_Mir%C3%B3
Adrienne Mitchell,https://en.wikipedia.org/wiki/Adrienne_Mitchell
Jill Mitwell,https://en.wikipedia.org/wiki/Jill_Mitwell
Ariane Mnouchkine,https://en.wikipedia.org/wiki/Ariane_Mnouchkine
Tracey Moffat,https://en.wikipedia.org/wiki/Tracey_Moffat
Hengameh Mofid,https://en.wikipedia.org/wiki/Hengameh_Mofid
Hillie Molenaar,https://en.wikipedia.org/wiki/Hillie_Molenaar
Karen Moncrieff,https://en.wikipedia.org/wiki/Karen_Moncrieff
Adriana Monti,https://en.wikipedia.org/wiki/Adriana_Monti
Jocelyn Moorhouse,https://en.wikipedia.org/wiki/Jocelyn_Moorhouse
Soudabeh Moradian,https://en.wikipedia.org/wiki/Soudabeh_Moradian
Yolande Moreau,https://en.wikipedia.org/wiki/Yolande_Moreau
Jeanne Moreau,https://en.wikipedia.org/wiki/Jeanne_Moreau
Stephanie Morgenstern,https://en.wikipedia.org/wiki/Stephanie_Morgenstern
Makoto Moriwaki,https://en.wikipedia.org/wiki/Makoto_Moriwaki
Carol Morley,https://en.wikipedia.org/wiki/Carol_Morley
Judy Morris,https://en.wikipedia.org/wiki/Judy_Morris
Dee Mosbacher,https://en.wikipedia.org/wiki/Dee_Mosbacher
Kim Moses,https://en.wikipedia.org/wiki/Kim_Moses
Emilia Mosquito,https://en.wikipedia.org/wiki/Emilia_Mosquito
Granaz Moussavi,https://en.wikipedia.org/wiki/Granaz_Moussavi
Kira Muratova,https://en.wikipedia.org/wiki/Kira_Muratova
Beth Murphy,https://en.wikipedia.org/wiki/Beth_Murphy
Alison Murray,https://en.wikipedia.org/wiki/Alison_Murray
Jinna Mutune,https://en.wikipedia.org/wiki/Jinna_Mutune
Gloria Muzio,https://en.wikipedia.org/wiki/Gloria_Muzio
Dana Nachman,https://en.wikipedia.org/wiki/Dana_Nachman
Fanta Régina Nacro,https://en.wikipedia.org/wiki/Fanta_R%C3%A9gina_Nacro
Ruba Nadda,https://en.wikipedia.org/wiki/Ruba_Nadda
Phyllis Nagy,https://en.wikipedia.org/wiki/Phyllis_Nagy
Mira Nair,https://en.wikipedia.org/wiki/Mira_Nair
Najwa Najjar,https://en.wikipedia.org/wiki/Najwa_Najjar
Laurel Nakadate,https://en.wikipedia.org/wiki/Laurel_Nakadate
Isabelle Nanty,https://en.wikipedia.org/wiki/Isabelle_Nanty
Terre Nash,https://en.wikipedia.org/wiki/Terre_Nash
Sandra Nashaat,https://en.wikipedia.org/wiki/Sandra_Nashaat
Afia Nathaniel,https://en.wikipedia.org/wiki/Afia_Nathaniel
Zarqa Nawaz,https://en.wikipedia.org/wiki/Zarqa_Nawaz
Mariam Ndagire,https://en.wikipedia.org/wiki/Mariam_Ndagire
Jennifer Yuh Nelson,https://en.wikipedia.org/wiki/Jennifer_Yuh_Nelson
Laura Neri,https://en.wikipedia.org/wiki/Laura_Neri
Shirin Neshat,https://en.wikipedia.org/wiki/Shirin_Neshat
Jennifer Siebel Newsom,https://en.wikipedia.org/wiki/Jennifer_Siebel_Newsom
Lisa Niemi,https://en.wikipedia.org/wiki/Lisa_Niemi
Jessica Nilsson,https://en.wikipedia.org/wiki/Jessica_Nilsson
Mika Ninagawa,https://en.wikipedia.org/wiki/Mika_Ninagawa
Vijaya Nirmala,https://en.wikipedia.org/wiki/Vijaya_Nirmala
Miwa Nishikawa,https://en.wikipedia.org/wiki/Miwa_Nishikawa
Michelle Nolden,https://en.wikipedia.org/wiki/Michelle_Nolden
Mabel Normand,https://en.wikipedia.org/wiki/Mabel_Normand
Elvira Notari,https://en.wikipedia.org/wiki/Elvira_Notari
Maria Novaro,https://en.wikipedia.org/wiki/Maria_Novaro
Lynn Novick,https://en.wikipedia.org/wiki/Lynn_Novick
Cherie Nowlan,https://en.wikipedia.org/wiki/Cherie_Nowlan
Marti Noxon,https://en.wikipedia.org/wiki/Marti_Noxon
Mipo O,https://en.wikipedia.org/wiki/Mipo_O
Alanis Obomsawin,https://en.wikipedia.org/wiki/Alanis_Obomsawin
Naoko Ogigami,https://en.wikipedia.org/wiki/Naoko_Ogigami
Mipo Oh,https://en.wikipedia.org/wiki/Mipo_Oh
Susan Oliver,https://en.wikipedia.org/wiki/Susan_Oliver
Madeleine Olnek,https://en.wikipedia.org/wiki/Madeleine_Olnek
Jenni Olson,https://en.wikipedia.org/wiki/Jenni_Olson
Gulshat Omarova,https://en.wikipedia.org/wiki/Gulshat_Omarova
Yoko Ono,https://en.wikipedia.org/wiki/Yoko_Ono
Ngozi Onwurah,https://en.wikipedia.org/wiki/Ngozi_Onwurah
Ruth Orkin,https://en.wikipedia.org/wiki/Ruth_Orkin
Katrin Ottarsdóttir,https://en.wikipedia.org/wiki/Katrin_Ottarsd%C3%B3ttir
Ulrike Ottinger,https://en.wikipedia.org/wiki/Ulrike_Ottinger
Jackie Oudney,https://en.wikipedia.org/wiki/Jackie_Oudney
Akosua Adoma Owusu,https://en.wikipedia.org/wiki/Akosua_Adoma_Owusu
Indrani Pal-Chaudhuri,https://en.wikipedia.org/wiki/Indrani_Pal-Chaudhuri
Euzhan Palcy,https://en.wikipedia.org/wiki/Euzhan_Palcy
Gail Palmer,https://en.wikipedia.org/wiki/Gail_Palmer
Diane Paragas,https://en.wikipedia.org/wiki/Diane_Paragas
Sai Paranjpye,https://en.wikipedia.org/wiki/Sai_Paranjpye
Gudrun Parker,https://en.wikipedia.org/wiki/Gudrun_Parker
Francine Parker,https://en.wikipedia.org/wiki/Francine_Parker
Claire Parker,https://en.wikipedia.org/wiki/Claire_Parker
Pratibha Parmar,https://en.wikipedia.org/wiki/Pratibha_Parmar
Laura Parnes,https://en.wikipedia.org/wiki/Laura_Parnes
Christine Pascal,https://en.wikipedia.org/wiki/Christine_Pascal
Stacie Passon,https://en.wikipedia.org/wiki/Stacie_Passon
Paula Patton,https://en.wikipedia.org/wiki/Paula_Patton
Nelofer Pazira,https://en.wikipedia.org/wiki/Nelofer_Pazira
Barbara Peeters,https://en.wikipedia.org/wiki/Barbara_Peeters
Kimberly Peirce,https://en.wikipedia.org/wiki/Kimberly_Peirce
Alexandra Pelosi,https://en.wikipedia.org/wiki/Alexandra_Pelosi
Sumitra Peries,https://en.wikipedia.org/wiki/Sumitra_Peries
Cristina Perincioli,https://en.wikipedia.org/wiki/Cristina_Perincioli
Janet Perlman,https://en.wikipedia.org/wiki/Janet_Perlman
Ellen Perry,https://en.wikipedia.org/wiki/Ellen_Perry
Donna Pescow,https://en.wikipedia.org/wiki/Donna_Pescow
Kristine Peterson,https://en.wikipedia.org/wiki/Kristine_Peterson
Lori Petty,https://en.wikipedia.org/wiki/Lori_Petty
Jennifer Phang,https://en.wikipedia.org/wiki/Jennifer_Phang
Carol Pineau,https://en.wikipedia.org/wiki/Carol_Pineau
Agnieszka Piotrowska,https://en.wikipedia.org/wiki/Agnieszka_Piotrowska
Mary Kay Place,https://en.wikipedia.org/wiki/Mary_Kay_Place
Anne Claire Poirier,https://en.wikipedia.org/wiki/Anne_Claire_Poirier
Sarah Polley,https://en.wikipedia.org/wiki/Sarah_Polley
Léa Pool,https://en.wikipedia.org/wiki/L%C3%A9a_Pool
Leanne Pooley,https://en.wikipedia.org/wiki/Leanne_Pooley
Natalie Portman,https://en.wikipedia.org/wiki/Natalie_Portman
Franka Potente,https://en.wikipedia.org/wiki/Franka_Potente
Sally Potter,https://en.wikipedia.org/wiki/Sally_Potter
Deborah Pratt,https://en.wikipedia.org/wiki/Deborah_Pratt
Gaylene Preston,https://en.wikipedia.org/wiki/Gaylene_Preston
Carrie Preston,https://en.wikipedia.org/wiki/Carrie_Preston
Gina Prince-Bythewood,https://en.wikipedia.org/wiki/Gina_Prince-Bythewood
Vivian Qu,https://en.wikipedia.org/wiki/Vivian_Qu
Joanna Quinn,https://en.wikipedia.org/wiki/Joanna_Quinn
Deborah Raffin,https://en.wikipedia.org/wiki/Deborah_Raffin
Yvonne Rainer,https://en.wikipedia.org/wiki/Yvonne_Rainer
Soundarya Rajinikanth,https://en.wikipedia.org/wiki/Soundarya_Rajinikanth
Bhanumathi Ramakrishna,https://en.wikipedia.org/wiki/Bhanumathi_Ramakrishna
Lynne Ramsay,https://en.wikipedia.org/wiki/Lynne_Ramsay
Suze Randall,https://en.wikipedia.org/wiki/Suze_Randall
Jenny Raskin,https://en.wikipedia.org/wiki/Jenny_Raskin
Irma Raush,https://en.wikipedia.org/wiki/Irma_Raush
Trisha Ray,https://en.wikipedia.org/wiki/Trisha_Ray
Amy Redford,https://en.wikipedia.org/wiki/Amy_Redford
Dee Rees,https://en.wikipedia.org/wiki/Dee_Rees
Kelly Reichardt,https://en.wikipedia.org/wiki/Kelly_Reichardt
Lotte Reiniger,https://en.wikipedia.org/wiki/Lotte_Reiniger
Revathi,https://en.wikipedia.org/wiki/Revathi
Shonda Rhimes,https://en.wikipedia.org/wiki/Shonda_Rhimes
Andrea Giles Rich,https://en.wikipedia.org/wiki/Andrea_Giles_Rich
Chantal Richard,https://en.wikipedia.org/wiki/Chantal_Richard
Patricia Richardson,https://en.wikipedia.org/wiki/Patricia_Richardson
Salli Richardson,https://en.wikipedia.org/wiki/Salli_Richardson
Yoruba Richen,https://en.wikipedia.org/wiki/Yoruba_Richen
Leni Riefenstahl,https://en.wikipedia.org/wiki/Leni_Riefenstahl
Patricia Riggen,https://en.wikipedia.org/wiki/Patricia_Riggen
Anita Rinaldi,https://en.wikipedia.org/wiki/Anita_Rinaldi
Marialy Rivas,https://en.wikipedia.org/wiki/Marialy_Rivas
Joan Rivers,https://en.wikipedia.org/wiki/Joan_Rivers
Brigitte Roüan,https://en.wikipedia.org/wiki/Brigitte_Ro%C3%BCan
Julie Anne Robinson,https://en.wikipedia.org/wiki/Julie_Anne_Robinson
Angela Robinson,https://en.wikipedia.org/wiki/Angela_Robinson
Melanie Rodriga,https://en.wikipedia.org/wiki/Melanie_Rodriga
Rosemary Rodriguez,https://en.wikipedia.org/wiki/Rosemary_Rodriguez
Gerry Rogers,https://en.wikipedia.org/wiki/Gerry_Rogers
Juliana Rojas,https://en.wikipedia.org/wiki/Juliana_Rojas
Bethany Rooney,https://en.wikipedia.org/wiki/Bethany_Rooney
Musidora,https://en.wikipedia.org/wiki/Musidora
Sue Rose,https://en.wikipedia.org/wiki/Sue_Rose
Rose Rosenblatt,https://en.wikipedia.org/wiki/Rose_Rosenblatt
Tatia Rosenthal,https://en.wikipedia.org/wiki/Tatia_Rosenthal
Tracee Ellis Ross,https://en.wikipedia.org/wiki/Tracee_Ellis_Ross
Vanessa Roth,https://en.wikipedia.org/wiki/Vanessa_Roth
Stephanie Rothman,https://en.wikipedia.org/wiki/Stephanie_Rothman
Candida Royalle,https://en.wikipedia.org/wiki/Candida_Royalle
Patricia Rozema,https://en.wikipedia.org/wiki/Patricia_Rozema
Catarina Ruivo,https://en.wikipedia.org/wiki/Catarina_Ruivo
Marisa Ryan,https://en.wikipedia.org/wiki/Marisa_Ryan
Marja-Lewis Ryan,https://en.wikipedia.org/wiki/Marja-Lewis_Ryan
Jocelyne Saab,https://en.wikipedia.org/wiki/Jocelyne_Saab
Randa Chahal Sabag,https://en.wikipedia.org/wiki/Randa_Chahal_Sabag
Jean Sagal,https://en.wikipedia.org/wiki/Jean_Sagal
Leontine Sagan,https://en.wikipedia.org/wiki/Leontine_Sagan
Tazuko Sakane,https://en.wikipedia.org/wiki/Tazuko_Sakane
Gabriela Samper,https://en.wikipedia.org/wiki/Gabriela_Samper
Helke Sander,https://en.wikipedia.org/wiki/Helke_Sander
Helma Sanders-Brahms,https://en.wikipedia.org/wiki/Helma_Sanders-Brahms
Arlene Sanford,https://en.wikipedia.org/wiki/Arlene_Sanford
Satarupa Sanyal,https://en.wikipedia.org/wiki/Satarupa_Sanyal
Valeria Sarmiento,https://en.wikipedia.org/wiki/Valeria_Sarmiento
Inoka Sathyangani,https://en.wikipedia.org/wiki/Inoka_Sathyangani
Shimako Satō,https://en.wikipedia.org/wiki/Shimako_Sat%C5%8D
Marjane Satrapi,https://en.wikipedia.org/wiki/Marjane_Satrapi
Nancy Savoca,https://en.wikipedia.org/wiki/Nancy_Savoca
Lone Scherfig,https://en.wikipedia.org/wiki/Lone_Scherfig
Greta Schiller,https://en.wikipedia.org/wiki/Greta_Schiller
Jillian Schlesinger,https://en.wikipedia.org/wiki/Jillian_Schlesinger
Céline Sciamma,https://en.wikipedia.org/wiki/C%C3%A9line_Sciamma
Jordan Scott,https://en.wikipedia.org/wiki/Jordan_Scott
Cynthia Scott,https://en.wikipedia.org/wiki/Cynthia_Scott
Nell Scovell,https://en.wikipedia.org/wiki/Nell_Scovell
Beverly Sebastion,https://en.wikipedia.org/wiki/Beverly_Sebastion
Susan Seidelman,https://en.wikipedia.org/wiki/Susan_Seidelman
Arna Selznick,https://en.wikipedia.org/wiki/Arna_Selznick
Yoshiko Sembon,https://en.wikipedia.org/wiki/Yoshiko_Sembon
Aparna Sen,https://en.wikipedia.org/wiki/Aparna_Sen
Lorraine Senna,https://en.wikipedia.org/wiki/Lorraine_Senna
Amy Serrano,https://en.wikipedia.org/wiki/Amy_Serrano
Coline Serreau,https://en.wikipedia.org/wiki/Coline_Serreau
Beverly Shaffer,https://en.wikipedia.org/wiki/Beverly_Shaffer
Lee Shallat-Chemel,https://en.wikipedia.org/wiki/Lee_Shallat-Chemel
Meher Afroz Shaon,https://en.wikipedia.org/wiki/Meher_Afroz_Shaon
Jessica Sharzer,https://en.wikipedia.org/wiki/Jessica_Sharzer
Helen Shaver,https://en.wikipedia.org/wiki/Helen_Shaver
Adrienne Shelly,https://en.wikipedia.org/wiki/Adrienne_Shelly
Angela Shelton,https://en.wikipedia.org/wiki/Angela_Shelton
Lynn Shelton,https://en.wikipedia.org/wiki/Lynn_Shelton
Millicent Shelton,https://en.wikipedia.org/wiki/Millicent_Shelton
Larisa Shepitko,https://en.wikipedia.org/wiki/Larisa_Shepitko
Kirsten Sheridan,https://en.wikipedia.org/wiki/Kirsten_Sheridan
Amy Sherman-Palladino,https://en.wikipedia.org/wiki/Amy_Sherman-Palladino
Cindy Sherman,https://en.wikipedia.org/wiki/Cindy_Sherman
Domee Shi,https://en.wikipedia.org/wiki/Domee_Shi
Nell Shipman,https://en.wikipedia.org/wiki/Nell_Shipman
Tiffany Shlain,https://en.wikipedia.org/wiki/Tiffany_Shlain
Cate Shortland,https://en.wikipedia.org/wiki/Cate_Shortland
Esfir Shub,https://en.wikipedia.org/wiki/Esfir_Shub
Mina Shum,https://en.wikipedia.org/wiki/Mina_Shum
Huang Shuqin,https://en.wikipedia.org/wiki/Huang_Shuqin
Trish Sie,https://en.wikipedia.org/wiki/Trish_Sie
Floria Sigismondi,https://en.wikipedia.org/wiki/Floria_Sigismondi
Joan Micklin Silver,https://en.wikipedia.org/wiki/Joan_Micklin_Silver
Barbara Simmons,https://en.wikipedia.org/wiki/Barbara_Simmons
Lisa Simon,https://en.wikipedia.org/wiki/Lisa_Simon
Thérèse Sita-Bella,https://en.wikipedia.org/wiki/Th%C3%A9r%C3%A8se_Sita-Bella
Kari Skogland,https://en.wikipedia.org/wiki/Kari_Skogland
Holly Goldberg Sloan,https://en.wikipedia.org/wiki/Holly_Goldberg_Sloan
Helena Solberg,https://en.wikipedia.org/wiki/Helena_Solberg
Yuliya Solntseva,https://en.wikipedia.org/wiki/Yuliya_Solntseva
Frances-Anne Solomon,https://en.wikipedia.org/wiki/Frances-Anne_Solomon
Julia Solomonoff,https://en.wikipedia.org/wiki/Julia_Solomonoff
Jill Soloway,https://en.wikipedia.org/wiki/Jill_Soloway
Mingmongkol Sonakul,https://en.wikipedia.org/wiki/Mingmongkol_Sonakul
Safiya Songhai,https://en.wikipedia.org/wiki/Safiya_Songhai
Susan Sontag,https://en.wikipedia.org/wiki/Susan_Sontag
Penelope Spheeris,https://en.wikipedia.org/wiki/Penelope_Spheeris
Jill Sprecher,https://en.wikipedia.org/wiki/Jill_Sprecher
Emily Squires,https://en.wikipedia.org/wiki/Emily_Squires
Wendey Stanzler,https://en.wikipedia.org/wiki/Wendey_Stanzler
Casandra Stark,https://en.wikipedia.org/wiki/Casandra_Stark
Paprika Steen,https://en.wikipedia.org/wiki/Paprika_Steen
Katherine Stenholm,https://en.wikipedia.org/wiki/Katherine_Stenholm
Stella Stevens,https://en.wikipedia.org/wiki/Stella_Stevens
Lynne Stopkewich,https://en.wikipedia.org/wiki/Lynne_Stopkewich
Barbra Streisand,https://en.wikipedia.org/wiki/Barbra_Streisand
Susan Strickler,https://en.wikipedia.org/wiki/Susan_Strickler
Susan Stroman,https://en.wikipedia.org/wiki/Susan_Stroman
Vera Stroyeva,https://en.wikipedia.org/wiki/Vera_Stroyeva
Sara Sugarman,https://en.wikipedia.org/wiki/Sara_Sugarman
Sabiha Sumar,https://en.wikipedia.org/wiki/Sabiha_Sumar
Elizabeth Sung,https://en.wikipedia.org/wiki/Elizabeth_Sung
Lela Swift,https://en.wikipedia.org/wiki/Lela_Swift
Amy Seimetz,https://en.wikipedia.org/wiki/Amy_Seimetz
Rea Tajiri,https://en.wikipedia.org/wiki/Rea_Tajiri
Lisa Takeba,https://en.wikipedia.org/wiki/Lisa_Takeba
Rachel Talalay,https://en.wikipedia.org/wiki/Rachel_Talalay
Shashwati Talukdar,https://en.wikipedia.org/wiki/Shashwati_Talukdar
Bhavna Talwar,https://en.wikipedia.org/wiki/Bhavna_Talwar
Amber Tamblyn,https://en.wikipedia.org/wiki/Amber_Tamblyn
Yuki Tanada,https://en.wikipedia.org/wiki/Yuki_Tanada
Kinuyo Tanaka,https://en.wikipedia.org/wiki/Kinuyo_Tanaka
Loveleen Tandan,https://en.wikipedia.org/wiki/Loveleen_Tandan
Cyndi Tang,https://en.wikipedia.org/wiki/Cyndi_Tang
Amanda Tapping,https://en.wikipedia.org/wiki/Amanda_Tapping
Nadia Tass,https://en.wikipedia.org/wiki/Nadia_Tass
Sam Taylor-Wood,https://en.wikipedia.org/wiki/Sam_Taylor-Wood
Heather Taylor,https://en.wikipedia.org/wiki/Heather_Taylor
Julie Taymor,https://en.wikipedia.org/wiki/Julie_Taymor
Sakane Tazuko,https://en.wikipedia.org/wiki/Sakane_Tazuko
Valeria Bruni Tedeschi,https://en.wikipedia.org/wiki/Valeria_Bruni_Tedeschi
Suzie Templeton,https://en.wikipedia.org/wiki/Suzie_Templeton
Angela Tessinari,https://en.wikipedia.org/wiki/Angela_Tessinari
Joan Tewkesbury,https://en.wikipedia.org/wiki/Joan_Tewkesbury
Lucy Thane,https://en.wikipedia.org/wiki/Lucy_Thane
May Miles Thomas,https://en.wikipedia.org/wiki/May_Miles_Thomas
Betty Thomas,https://en.wikipedia.org/wiki/Betty_Thomas
Pam Thomas,https://en.wikipedia.org/wiki/Pam_Thomas
Caroline Thompson,https://en.wikipedia.org/wiki/Caroline_Thompson
Jody Thompson,https://en.wikipedia.org/wiki/Jody_Thompson
Danièle Thompson,https://en.wikipedia.org/wiki/Dani%C3%A8le_Thompson
Lea Thompson,https://en.wikipedia.org/wiki/Lea_Thompson
Ondi Timoner,https://en.wikipedia.org/wiki/Ondi_Timoner
Victory Tischler-Blue,https://en.wikipedia.org/wiki/Victory_Tischler-Blue
Stacy Title,https://en.wikipedia.org/wiki/Stacy_Title
Farkhondeh Torabi,https://en.wikipedia.org/wiki/Farkhondeh_Torabi
Gariné Torossian,https://en.wikipedia.org/wiki/Garin%C3%A9_Torossian
Fina Torres,https://en.wikipedia.org/wiki/Fina_Torres
Pimpaka Towira,https://en.wikipedia.org/wiki/Pimpaka_Towira
Sarah Townsend,https://en.wikipedia.org/wiki/Sarah_Townsend
Wendy Toye,https://en.wikipedia.org/wiki/Wendy_Toye
Lindalee Tracey,https://en.wikipedia.org/wiki/Lindalee_Tracey
Monika Treut,https://en.wikipedia.org/wiki/Monika_Treut
Nadine Trintignant,https://en.wikipedia.org/wiki/Nadine_Trintignant
Rose Troche,https://en.wikipedia.org/wiki/Rose_Troche
Margarethe von Trotta,https://en.wikipedia.org/wiki/Margarethe_von_Trotta
Alice Troughton,https://en.wikipedia.org/wiki/Alice_Troughton
Charlotte de Turckheim,https://en.wikipedia.org/wiki/Charlotte_de_Turckheim
Aisha Tyler,https://en.wikipedia.org/wiki/Aisha_Tyler
Liv Ullmann,https://en.wikipedia.org/wiki/Liv_Ullmann
Sima Urale,https://en.wikipedia.org/wiki/Sima_Urale
Urszula Urbaniak,https://en.wikipedia.org/wiki/Urszula_Urbaniak
Marina de Van,https://en.wikipedia.org/wiki/Marina_de_Van
Agnès Varda,https://en.wikipedia.org/wiki/Agn%C3%A8s_Varda
Pam Veasey,https://en.wikipedia.org/wiki/Pam_Veasey
Ajita Suchitra Veera,https://en.wikipedia.org/wiki/Ajita_Suchitra_Veera
Norma Safford Vela,https://en.wikipedia.org/wiki/Norma_Safford_Vela
Sandrine Veysset,https://en.wikipedia.org/wiki/Sandrine_Veysset
Manuela Viegas,https://en.wikipedia.org/wiki/Manuela_Viegas
Teresa Villaverde,https://en.wikipedia.org/wiki/Teresa_Villaverde
Jürgen Vsych,https://en.wikipedia.org/wiki/J%C3%BCrgen_Vsych
The Wachowskis,https://en.wikipedia.org/wiki/The_Wachowskis
Louise Wadley,https://en.wikipedia.org/wiki/Louise_Wadley
Maria Wagner,https://en.wikipedia.org/wiki/Maria_Wagner
Sally Wainwright,https://en.wikipedia.org/wiki/Sally_Wainwright
Nancy Walker,https://en.wikipedia.org/wiki/Nancy_Walker
Dearbhla Walsh,https://en.wikipedia.org/wiki/Dearbhla_Walsh
Shannon Walsh,https://en.wikipedia.org/wiki/Shannon_Walsh
Aisling Walsh,https://en.wikipedia.org/wiki/Aisling_Walsh
Rachel Ward,https://en.wikipedia.org/wiki/Rachel_Ward
Sarah Watt,https://en.wikipedia.org/wiki/Sarah_Watt
Kim Wayans,https://en.wikipedia.org/wiki/Kim_Wayans
Lois Weber,https://en.wikipedia.org/wiki/Lois_Weber
Zhao Wei,https://en.wikipedia.org/wiki/Zhao_Wei
Claudia Weill,https://en.wikipedia.org/wiki/Claudia_Weill
Valerie Weiss,https://en.wikipedia.org/wiki/Valerie_Weiss
Aerlyn Weissman,https://en.wikipedia.org/wiki/Aerlyn_Weissman
Yvonne Welbon,https://en.wikipedia.org/wiki/Yvonne_Welbon
Christine Welsh,https://en.wikipedia.org/wiki/Christine_Welsh
Jiang Wenli,https://en.wikipedia.org/wiki/Jiang_Wenli
Lina Wertmüller,https://en.wikipedia.org/wiki/Lina_Wertm%C3%BCller
Anne Wheeler,https://en.wikipedia.org/wiki/Anne_Wheeler
Susanna White,https://en.wikipedia.org/wiki/Susanna_White
Kanchi Wichmann,https://en.wikipedia.org/wiki/Kanchi_Wichmann
Joyce Wieland,https://en.wikipedia.org/wiki/Joyce_Wieland
Nettie Wild,https://en.wikipedia.org/wiki/Nettie_Wild
JoBeth Williams,https://en.wikipedia.org/wiki/JoBeth_Williams
Tucky Williams,https://en.wikipedia.org/wiki/Tucky_Williams
Chandra Wilson,https://en.wikipedia.org/wiki/Chandra_Wilson
Margery Wilson,https://en.wikipedia.org/wiki/Margery_Wilson
Doris Wishman,https://en.wikipedia.org/wiki/Doris_Wishman
Agnieszka Wojtowicz-Vosloo,https://en.wikipedia.org/wiki/Agnieszka_Wojtowicz-Vosloo
Natalie Wood,https://en.wikipedia.org/wiki/Natalie_Wood
Kate Woods,https://en.wikipedia.org/wiki/Kate_Woods
Jacqueline Wright,https://en.wikipedia.org/wiki/Jacqueline_Wright
Robin Wright,https://en.wikipedia.org/wiki/Robin_Wright
Alice Wu,https://en.wikipedia.org/wiki/Alice_Wu
Xue Xiaolu,https://en.wikipedia.org/wiki/Xue_Xiaolu
Naoko Yamada,https://en.wikipedia.org/wiki/Naoko_Yamada
Tizuka Yamasaki,https://en.wikipedia.org/wiki/Tizuka_Yamasaki
Ruby Yang,https://en.wikipedia.org/wiki/Ruby_Yang
Yong-hi Yang,https://en.wikipedia.org/wiki/Yong-hi_Yang
Pamela Yates,https://en.wikipedia.org/wiki/Pamela_Yates
Linda Yellen,https://en.wikipedia.org/wiki/Linda_Yellen
Ning Ying,https://en.wikipedia.org/wiki/Ning_Ying
Suzi Yoonessi,https://en.wikipedia.org/wiki/Suzi_Yoonessi
Yumi Yoshiyuki,https://en.wikipedia.org/wiki/Yumi_Yoshiyuki
Byun Young-joo,https://en.wikipedia.org/wiki/Byun_Young-joo
Jessica Yu,https://en.wikipedia.org/wiki/Jessica_Yu
Samia Zaman,https://en.wikipedia.org/wiki/Samia_Zaman
Sara Zandieh,https://en.wikipedia.org/wiki/Sara_Zandieh
Jasmila Žbanić,https://en.wikipedia.org/wiki/Jasmila_%C5%BDbani%C4%87
Ona Zee,https://en.wikipedia.org/wiki/Ona_Zee
Mai Zetterling,https://en.wikipedia.org/wiki/Mai_Zetterling
Chenyang Zhao,https://en.wikipedia.org/wiki/Chenyang_Zhao
Zhang Nuanxin,https://en.wikipedia.org/wiki/Zhang_Nuanxin
Binka Zhelyazkova,https://en.wikipedia.org/wiki/Binka_Zhelyazkova
Lydia Zimmermann,https://en.wikipedia.org/wiki/Lydia_Zimmermann
Valerie Faris,https://en.wikipedia.org/wiki/Jonathan_Dayton_and_Valerie_Faris
Wendy Tilby,https://en.wikipedia.org/wiki/Wendy_Tilby_and_Amanda_Forbis
Amanda Forbis,https://en.wikipedia.org/wiki/Wendy_Tilby_and_Amanda_Forbis
Kyoko Aizome,https://en.wikipedia.org/wiki/Ky%C5%8Dko_Aizome
Andre-Line Beauparlant,https://en.wikipedia.org/wiki/Andr%C3%A9-Line_Beauparlant
Maria Luisa Bemberg,https://en.wikipedia.org/wiki/Mar%C3%ADa_Luisa_Bemberg
Maiwenn Le Besco,https://en.wikipedia.org/wiki/Ma%C3%AFwenn_Le_Besco
Iciar Bollain,https://en.wikipedia.org/wiki/Ic%C3%ADar_Bolla%C3%ADn
Vera Chytilova,https://en.wikipedia.org/wiki/V%C4%9Bra_Chytilov%C3%A1
Michele Cournoyer,https://en.wikipedia.org/wiki/Mich%C3%A8le_Cournoyer
Doris Dorrie,https://en.wikipedia.org/wiki/Doris_D%C3%B6rrie
Ildiko Enyedi,https://en.wikipedia.org/wiki/Ildik%C3%B3_Enyedi
Deniz Gamze Erguven,https://en.wikipedia.org/wiki/Deniz_Gamze_Erg%C3%BCven
Alice Guy-Blache,https://en.wikipedia.org/wiki/Alice_Guy-Blach%C3%A9
Marion Hansel,https://en.wikipedia.org/wiki/Marion_H%C3%A4nsel
Julie Hebert,https://en.wikipedia.org/wiki/Julie_H%C3%A9bert
Lucile Hadzihalilovic,https://en.wikipedia.org/wiki/Lucile_Had%C5%BEihalilovi%C4%87
Mia Hansen-Love,https://en.wikipedia.org/wiki/Mia_Hansen-L%C3%B8ve
Jackee Harry,https://en.wikipedia.org/wiki/Jack%C3%A9e_Harry
Agnes Jaoui,https://en.wikipedia.org/wiki/Agn%C3%A8s_Jaoui
Yashira Jordan,https://en.wikipedia.org/wiki/Yashira_Jord%C3%A1n
Dorota Kedzierzawska,https://en.wikipedia.org/wiki/Dorota_K%C4%99dzierzawska
Ceyda Asli Kilickiran,https://en.wikipedia.org/wiki/Ceyda_Asl%C4%B1_K%C4%B1l%C4%B1%C3%A7k%C4%B1ran
Micheline Lanctot,https://en.wikipedia.org/wiki/Micheline_Lanct%C3%B4t
Alexandra Leclere,https://en.wikipedia.org/wiki/Alexandra_Lecl%C3%A8re
Nnegest Likke,https://en.wikipedia.org/wiki/Nnegest_Likk%C3%A9
Katia Lund,https://en.wikipedia.org/wiki/K%C3%A1tia_Lund
Noemie Lvovsky,https://en.wikipedia.org/wiki/No%C3%A9mie_Lvovsky
Lisbeth Lynghoft,https://en.wikipedia.org/wiki/Lisbeth_Lyngh%C3%B8ft
Marta Meszaros,https://en.wikipedia.org/wiki/M%C3%A1rta_M%C3%A9sz%C3%A1ros
Laura Mana,https://en.wikipedia.org/wiki/Laura_Ma%C3%B1%C3%A1
Maiwenn,https://en.wikipedia.org/wiki/Ma%C3%AFwenn
Agnes Merlet,https://en.wikipedia.org/wiki/Agn%C3%A8s_Merlet
Anne-Marie Mieville,https://en.wikipedia.org/wiki/Anne-Marie_Mi%C3%A9ville
Pilar Miro,https://en.wikipedia.org/wiki/Pilar_Mir%C3%B3
Fanta Regina Nacro,https://en.wikipedia.org/wiki/Fanta_R%C3%A9gina_Nacro
Katrin Ottarsdottir,https://en.wikipedia.org/wiki/Katrin_Ottarsd%C3%B3ttir
Lea Pool,https://en.wikipedia.org/wiki/L%C3%A9a_Pool
Brigitte Rouan,https://en.wikipedia.org/wiki/Brigitte_Ro%C3%BCan
Shimako Sato,https://en.wikipedia.org/wiki/Shimako_Sat%C5%8D
Celine Sciamma,https://en.wikipedia.org/wiki/C%C3%A9line_Sciamma
Therese Sita-Bella,https://en.wikipedia.org/wiki/Th%C3%A9r%C3%A8se_Sita-Bella
Daniele Thompson,https://en.wikipedia.org/wiki/Dani%C3%A8le_Thompson
Garine Torossian,https://en.wikipedia.org/wiki/Garin%C3%A9_Torossian
Agnes Varda,https://en.wikipedia.org/wiki/Agn%C3%A8s_Varda
Jurgen Vsych,https://en.wikipedia.org/wiki/J%C3%BCrgen_Vsych
Lina Wertmuller,https://en.wikipedia.org/wiki/Lina_Wertm%C3%BCller
Jasmila Zbanic,https://en.wikipedia.org/wiki/Jasmila_%C5%BDbani%C4%87
