url,reason
https://www.filmcomment.com/blog/page/,cannot get text
https://www.filmcomment.com/article/jia-zhangke-interview/,cannot get text
https://www.filmcomment.com/article/directions-claude-lanzmann/,cannot get text
https://www.filmcomment.com/article/review-the-road-to-guantanamo/,cannot get text
https://www.filmcomment.com/article/review-cold-war/,cannot get text
https://www.filmcomment.com/article/toronto-international-film-festival-2015/,cannot get text
https://www.filmcomment.com/article/get-me-rewrite/,cannot get text
https://www.filmcomment.com/article/review-queen-of-earth-alex-ross-perry/,cannot get text
https://www.filmcomment.com/article/review-spotlight-tom-mccarthy/,cannot get text
https://www.filmcomment.com/article/encore-demon-lover-diary-and-seventeen/,cannot get text
https://www.filmcomment.com/article/review-the-unknown-girl-dardenne/,cannot get text
https://www.filmcomment.com/article/the-missing-piece/,cannot get text
https://www.filmcomment.com/article/the-executioners-song/,cannot get text
https://www.filmcomment.com/article/fatima-philippe-faucon/,cannot get text
https://www.filmcomment.com/article/gangs-of-new-york/,cannot get text
https://www.filmcomment.com/article/make-it-real-the-dancer-and-the-dance/,cannot get text
https://www.filmcomment.com/article/a-blast-from-the-past-alexander-kluge-interview/,cannot get text
https://www.filmcomment.com/article/cannes-2005-take-two/,cannot get text
https://www.filmcomment.com/article/short-take-waldheim-waltz/,cannot get text
https://www.filmcomment.com/article/review-war-for-the-planet-of-the-apes/,cannot get text
https://www.filmcomment.com/article/review-private-life/,cannot get text
https://www.filmcomment.com/article/review-southpaw-antoine-fuqua-jake-gyllenhaal/,cannot get text
https://www.filmcomment.com/article/review-the-son-of-joseph-eugene-green/,cannot get text
https://www.filmcomment.com/article/night-gallery-twin-peaks/,cannot get text
https://www.filmcomment.com/article/scare-tactics-senseless-violence/,cannot get text
https://www.filmcomment.com/article/review-after-the-storm-hirokazu-kore-eda/,cannot get text
https://www.filmcomment.com/article/art-craft-permitted/,cannot get text
https://www.filmcomment.com/article/intolerance-quentin-tarantino-john-ford/,cannot get text
https://www.filmcomment.com/article/stanley-milgram-experimenter-michael-almereyda/,cannot get text
https://www.filmcomment.com/article/terence-davies-sunset-song-interview/,cannot get text
https://www.filmcomment.com/article/lightning-in-a-bottle-maurice-pialat-profile/,cannot get text
https://www.filmcomment.com/article/review-louder-than-bombs-joachim-trier/,cannot get text
https://www.filmcomment.com/article/alice-winocour-review-disorder/,cannot get text
https://www.filmcomment.com/article/hope-us-yet/,cannot get text
https://www.filmcomment.com/article/review-bpm-beats-per-minute-robin-campillo/,cannot get text
https://www.filmcomment.com/article/review-miles-ahead-don-cheadle/,cannot get text
https://www.filmcomment.com/article/savoir-faire/,cannot get text
https://www.filmcomment.com/article/guy-and-madeline-on-a-park-bench-review/,cannot get text
https://www.filmcomment.com/article/make-it-real-give-and-take/,cannot get text
https://www.filmcomment.com/article/o-lucky-man-or-the-adventures-of-a-clockwork-cheese/,cannot get text
https://www.filmcomment.com/article/le-cinema-du-glut/,cannot get text
https://www.filmcomment.com/article/new-york-film-festival-2002-avant-garde-sidebar/,cannot get text
https://www.filmcomment.com/article/we-can-be-heroes-agnes-varda/,cannot get text
https://www.filmcomment.com/article/history-of-ironic-soundtracks/,cannot get text
https://www.filmcomment.com/article/sundance-2000-documentaries/,cannot get text
https://www.filmcomment.com/article/cannes-2016-aquarius-julia-ducournau-raw/,cannot get text
https://www.filmcomment.com/article/keyhole-review/,cannot get text
https://www.filmcomment.com/article/first-look-sleepy-time-gal/,cannot get text
https://www.filmcomment.com/article/why-cahiers-still-matters/,cannot get text
https://www.filmcomment.com/article/review-dawson-city-frozen-time-bill-morrison/,cannot get text
https://www.filmcomment.com/article/son-of-saul-lazlo-nemes-con/,cannot get text
https://www.filmcomment.com/article/still-looking-lgbt-representation-in-american-cinema/,cannot get text
https://www.filmcomment.com/article/the-poetics-of-resistance-yasujiro-ozu/,cannot get text
https://www.filmcomment.com/article/entertainment-neil-hamburger-rick-alverson-review/,cannot get text
https://www.filmcomment.com/article/short-take-colette/,cannot get text
https://www.filmcomment.com/article/best-laid-plans-the-aura/,cannot get text
https://www.filmcomment.com/article/review-slack-bay-bruno-dumont/,cannot get text
https://www.filmcomment.com/article/moonlight-barry-jenkins-interview/,cannot get text
https://www.filmcomment.com/article/sundance-2003-splendor-in-the-margins/,cannot get text
https://www.filmcomment.com/article/review-chevalier-athina-rachel-tsangari/,cannot get text
https://www.filmcomment.com/article/inarritu-carne-y-arena-at-lacma/,cannot get text
https://www.filmcomment.com/article/triumph-of-the-will/,cannot get text
https://www.filmcomment.com/article/review-les-cowboys-thomas-bidegain/,cannot get text
https://www.filmcomment.com/article/review-the-meyerowitz-stories-new-and-selected-noah-baumbach/,cannot get text
https://www.filmcomment.com/article/color-box-re-voir-video-on-demand/,cannot get text
https://www.filmcomment.com/article/review-the-birth-of-a-nation-nate-parker/,cannot get text
https://www.filmcomment.com/article/the-truth-hurts/,cannot get text
https://www.filmcomment.com/article/short-take-state-like-sleep/,cannot get text
https://www.filmcomment.com/article/neither-here-nor-there/,cannot get text
https://www.filmcomment.com/article/rzas-edge-the-rzas-guide-to-kung-fu-films/,cannot get text
https://www.filmcomment.com/article/tribeca-film-festival-2015/,cannot get text
https://www.filmcomment.com/article/new-york-film-festival-2002-less-is-more/,cannot get text
https://www.filmcomment.com/article/finding-herself-the-prime-of-meryl-streep/,cannot get text
https://www.filmcomment.com/article/lost-in-america-richard-linklater-interview/,cannot get text
https://www.filmcomment.com/article/catherine-deneuve-interviewed-by-arnaud-desplechin/,cannot get text
https://www.filmcomment.com/article/short-take-sorry-angel/,cannot get text
https://www.filmcomment.com/article/killing-it/,cannot get text
https://www.filmcomment.com/article/review-araby-joao-dumans-affonso-uchoa/,cannot get text
https://www.filmcomment.com/article/review-as-i-open-my-eyes-leyla-bouzid/,cannot get text
https://www.filmcomment.com/article/eat-me/,cannot get text
https://www.filmcomment.com/article/review-99-homes-ramin-bahrani/,cannot get text
https://www.filmcomment.com/article/the-big-screen-gloria-bell/,cannot get text
https://www.filmcomment.com/article/beyond-awful/,cannot get text
https://www.filmcomment.com/article/vision-radio-on/,cannot get text
https://www.filmcomment.com/article/robert-altman-speaks/,cannot get text
https://www.filmcomment.com/article/short-takes-the-endless-justin-benson-aaron-moorhead/,cannot get text
https://www.filmcomment.com/article/review-tangerine-sean-baker/,cannot get text
https://www.filmcomment.com/article/jia-zhangke-pingyao-film-festival/,cannot get text
https://www.filmcomment.com/article/george-cukor/,cannot get text
https://www.filmcomment.com/article/review-nocturnal-animals-tom-ford/,cannot get text
https://www.filmcomment.com/article/review-the-kindergarten-teacher-nadav-lapid/,cannot get text
https://www.filmcomment.com/article/free-for-all-public-domain-stream/,cannot get text
https://www.filmcomment.com/article/review-vazante-daniela-thomas/,cannot get text
https://www.filmcomment.com/article/review-the-wedding-plan-rama-burshtein/,cannot get text
https://www.filmcomment.com/article/review-tikkun-avishai-sivan/,cannot get text
https://www.filmcomment.com/article/review-lady-bird-greta-gerwig/,cannot get text
https://www.filmcomment.com/article/embrace-of-the-serpent-ciro-guerra-review/,cannot get text
https://www.filmcomment.com/article/review-the-workshop-laurent-cantet/,cannot get text
https://www.filmcomment.com/article/old-stone-johnny-ma-review/,cannot get text
https://www.filmcomment.com/article/short-takes-rider-chloe-zhao/,cannot get text
https://www.filmcomment.com/article/richard-lester/,cannot get text
https://www.filmcomment.com/article/love-among-the-ruins-the-deep-blue-sea/,cannot get text
https://www.filmcomment.com/article/cannes-2006-the-humanity/,cannot get text
https://www.filmcomment.com/article/short-take-girl/,cannot get text
https://www.filmcomment.com/article/review-45-years-andrew-haigh/,cannot get text
https://www.filmcomment.com/article/the-hand-of-time/,cannot get text
https://www.filmcomment.com/article/review-i-am-not-a-witch/,cannot get text
https://www.filmcomment.com/article/andrew-haighs-triumphant-weekend/,cannot get text
https://www.filmcomment.com/article/home-movies-natural-selection/,cannot get text
https://www.filmcomment.com/article/50-years-of-film-comment-part-one/,cannot get text
https://www.filmcomment.com/article/alejandro-g-inarritu-interview-the-revenant/,cannot get text
https://www.filmcomment.com/article/venice-international-film-festival-2015/,cannot get text
https://www.filmcomment.com/article/in-the-moment-candice-bergen-in-rich-and-famous/,cannot get text
https://www.filmcomment.com/article/review-the-apostate-federico-veiroj-el-apostata/,cannot get text
https://www.filmcomment.com/article/review-behemoth-zhao-liang/,cannot get text
https://www.filmcomment.com/article/review-breathe-melanie-laurent/,cannot get text
https://www.filmcomment.com/article/review-innocents-anne-fontaine/,cannot get text
https://www.filmcomment.com/article/review-i-tonya-margot-robbie/,cannot get text
https://www.filmcomment.com/article/totally-wired/,cannot get text
https://www.filmcomment.com/article/review-summertime-catherine-corsini/,cannot get text
https://www.filmcomment.com/article/review-love-witch-anna-biller/,cannot get text
https://www.filmcomment.com/article/a-blast-from-the-past-russellmania/,cannot get text
https://www.filmcomment.com/article/an-interview-with-paddy-considine/,cannot get text
https://www.filmcomment.com/article/make-it-real-how-it-happened/,cannot get text
https://www.filmcomment.com/article/short-take-leave-no-trace/,cannot get text
https://www.filmcomment.com/article/always-on-the-verge/,cannot get text
https://www.filmcomment.com/article/in-memoriam-nicolas-roeg/,cannot get text
https://www.filmcomment.com/article/passion-project-steve-jobs-built-a-paradise/,cannot get text
https://www.filmcomment.com/article/inspired-spoken-word/,cannot get text
https://www.filmcomment.com/article/law-of-the-land/,cannot get text
https://www.filmcomment.com/article/movie-of-the-moment-camp/,cannot get text
https://www.filmcomment.com/article/home-movies-owls-legacy/,cannot get text
https://www.filmcomment.com/article/review-super-dark-times-kevin-phillips/,cannot get text
https://www.filmcomment.com/article/joanna-hogg-exhibition/,cannot get text
https://www.filmcomment.com/article/review-the-hateful-eight-quentin-tarantino/,cannot get text
https://www.filmcomment.com/article/1974-nyff-luis-bunuel-the-phantom-of-liberty/,cannot get text
https://www.filmcomment.com/article/make-it-real-see-through-me/,cannot get text
https://www.filmcomment.com/article/guy-maddin-the-forbidden-room/,cannot get text
https://www.filmcomment.com/article/intimations-of-mortality/,cannot get text
https://www.filmcomment.com/article/cannes-2015-cemetery-of-splendour-arabian-nights/,cannot get text
https://www.filmcomment.com/article/short-takes-red-sparrow/,cannot get text
https://www.filmcomment.com/article/brief-encounters-francis-ford-coppolla-interview/,cannot get text
https://www.filmcomment.com/article/review-the-final-girls-todd-strauss-schulson/,cannot get text
https://www.filmcomment.com/article/the-point-of-no-return/,cannot get text
https://www.filmcomment.com/article/review-bfg-steven-spielberg/,cannot get text
https://www.filmcomment.com/article/review-childhood-leader-brady-corbet/,cannot get text
https://www.filmcomment.com/article/anti-social-realism-jean-claude-brisseau/,cannot get text
https://www.filmcomment.com/article/mudbound-beatriz-at-dinner-crown-heights-sundance-2017/,cannot get text
https://www.filmcomment.com/article/inner-voice-alain-gomis-felicite/,cannot get text
https://www.filmcomment.com/article/review-i-am-michael-james-franco-zachary-quinto/,cannot get text
https://www.filmcomment.com/article/being-kevin-bacon/,cannot get text
https://www.filmcomment.com/article/review-things-come-mia-hansen-love/,cannot get text
https://www.filmcomment.com/article/juliet-berto-in-duelle-1976/,cannot get text
https://www.filmcomment.com/article/review-remember-atom-egoyan/,cannot get text
https://www.filmcomment.com/article/review-the-commune-thomas-vinterberg/,cannot get text
https://www.filmcomment.com/article/short-take-everybody-knows/,cannot get text
https://www.filmcomment.com/article/short-take-bread-factory/,cannot get text
https://www.filmcomment.com/article/review-microbe-gasoline-michel-gondry/,cannot get text
https://www.filmcomment.com/article/release-me-terence-davies-a-quiet-passion/,cannot get text
https://www.filmcomment.com/article/review-madelines-madeline/,cannot get text
https://www.filmcomment.com/article/encore-the-killing-of-sister-george/,cannot get text
https://www.filmcomment.com/article/terrence-malick-voyage-of-time/,cannot get text
https://www.filmcomment.com/article/the-long-view/,cannot get text
https://www.filmcomment.com/article/steve-bannon-films/,cannot get text
https://www.filmcomment.com/article/festivals-settle-less/,cannot get text
https://www.filmcomment.com/article/son-of-saul-lazlo-nemes-pro/,cannot get text
https://www.filmcomment.com/article/site-specifics-the-chiseler/,cannot get text
https://www.filmcomment.com/article/and-his-ship-sails-on-federico-fellini/,cannot get text
https://www.filmcomment.com/article/the-future-is-getting-here/,cannot get text
https://www.filmcomment.com/article/review-neon-bull-gabriel-mascaro/,cannot get text
https://www.filmcomment.com/article/review-endless-poetry-poesia-sin-fin-alejandro-jodorowsky/,cannot get text
https://www.filmcomment.com/article/make-it-real-living-proof/,cannot get text
https://www.filmcomment.com/article/hou-hsiao-hsien-interview/,cannot get text
https://www.filmcomment.com/article/the-skin-i-live-in-review/,cannot get text
https://www.filmcomment.com/article/bigger-than-life-review/,cannot get text
https://www.filmcomment.com/article/scare-tactics-dont-breathe-fede-alvarez/,cannot get text
https://www.filmcomment.com/article/interview-dusan-makavejev/,cannot get text
https://www.filmcomment.com/article/short-take-captain/,cannot get text
https://www.filmcomment.com/article/review-the-insult-ziad-doueiri/,cannot get text
https://www.filmcomment.com/article/tabloid-a-crime-of-passion-and-a-tale-of-animal-loveas-related-by-errol-mor/,cannot get text
https://www.filmcomment.com/article/spoor-agnieszka-holland/,cannot get text
https://www.filmcomment.com/article/industrial-soundtrack-for-the-urban-decay/,cannot get text
https://www.filmcomment.com/article/short-take-lords-of-chaos/,cannot get text
https://www.filmcomment.com/article/ian-hart/,cannot get text
https://www.filmcomment.com/article/inside-out-david-fincher/,cannot get text
https://www.filmcomment.com/article/review-the-clan-pablo-trapero/,cannot get text
https://www.filmcomment.com/article/review-daughter-of-the-nile-hou-hsiao-hsien/,cannot get text
https://www.filmcomment.com/article/myth-maker-francis-ford-coppola/,cannot get text
https://www.filmcomment.com/article/short-take-support-girls/,cannot get text
https://www.filmcomment.com/article/theeb-review-naji-abu-nowar/,cannot get text
https://www.filmcomment.com/article/paul-thomas-anderson-phantom-thread-love-after-a-fashion/,cannot get text
https://www.filmcomment.com/article/review-peter-and-the-farm-tony-stone/,cannot get text
https://www.filmcomment.com/article/review-little-sister-hirokazu-kore-eda/,cannot get text
https://www.filmcomment.com/article/amos-gitai-kippur/,cannot get text
https://www.filmcomment.com/article/extended-readers-poll-results-the-best-movies-of-2003-list/,cannot get text
https://www.filmcomment.com/article/extended-readers-poll-results-the-best-movies-of-2006-list/,cannot get text
https://www.filmcomment.com/article/in-jackson-heights/,cannot get text
https://www.filmcomment.com/article/new-york-film-festival-2001-avant-garde-sidebar/,cannot get text
https://www.filmcomment.com/article/where-are-we-with-bergman/,cannot get text
https://www.filmcomment.com/article/chris-marker-the-truth-about-paris/,cannot get text
https://www.filmcomment.com/article/review-the-new-girlfriend-francois-ozon/,cannot get text
https://www.filmcomment.com/article/art-craft-sound-design/,cannot get text
https://www.filmcomment.com/article/david-bowie-music-videos/,cannot get text
https://www.filmcomment.com/article/review-frantz-francois-ozon/,cannot get text
https://www.filmcomment.com/article/review-beatriz-dinner-miguel-arteta/,cannot get text
https://www.filmcomment.com/article/jonas-carpignano-mediterranea/,cannot get text
https://www.filmcomment.com/article/review-ismaels-ghosts/,cannot get text
https://www.filmcomment.com/article/review-lean-pete-andrew-haigh/,cannot get text
https://www.filmcomment.com/article/encore-play-it-as-it-lays/,cannot get text
https://www.filmcomment.com/article/a-samurai-among-farmers-nagisa-oshima/,cannot get text
https://www.filmcomment.com/article/readers-poll-the-20-best-film-of-2011/,cannot get text
https://www.filmcomment.com/article/short-take-bodied/,cannot get text
https://www.filmcomment.com/article/notes-from-underground-peter-whitehead/,cannot get text
https://www.filmcomment.com/article/a-painful-case-cristi-puiu-interviewed/,cannot get text
https://www.filmcomment.com/article/andrzej-zulawski-cosmos/,cannot get text
https://www.filmcomment.com/article/review-the-stanford-prison-experiment-kyle-patrick-alvarez/,cannot get text
https://www.filmcomment.com/article/xavier-beauvois-guardians-review/,cannot get text
https://www.filmcomment.com/article/review-fire-at-sea-gianfranco-rosi/,cannot get text
https://www.filmcomment.com/article/cinema-sex-magick-the-films-of-donald-cammell/,cannot get text
https://www.filmcomment.com/article/love-and-theft/,cannot get text
https://www.filmcomment.com/article/martin-scorsese-silence-interview/,cannot get text
https://www.filmcomment.com/article/review-last-flag-flying-richard-linklater-bryan-cranston-steve-carell-laurence-fishburne/,cannot get text
https://www.filmcomment.com/article/southbound-review/,cannot get text
https://www.filmcomment.com/article/review-anthony-weiner-documentary/,cannot get text
https://www.filmcomment.com/article/page/,cannot get text
https://www.filmcomment.com/article/night-shift-sundance-2016-horror/,cannot get text
https://www.filmcomment.com/article/review-i-daniel-blake-ken-loach/,cannot get text
https://www.filmcomment.com/article/make-real-acting/,cannot get text
https://www.filmcomment.com/article/review-hermia-and-helena-matias-pineiro/,cannot get text
https://www.filmcomment.com/article/locarno-film-festival-2015/,cannot get text
https://www.filmcomment.com/article/it-happened-here/,cannot get text
https://www.filmcomment.com/article/review-marguerite-xavier-giannoli/,cannot get text
https://www.filmcomment.com/article/review-arrival-denis-villeneuve/,cannot get text
https://www.filmcomment.com/article/review-28-days-later-danny-boyle/,cannot get text
https://www.filmcomment.com/article/one-in-a-million/,cannot get text
https://www.filmcomment.com/article/fever-pitch-sicko/,cannot get text
https://www.filmcomment.com/article/make-it-real-scripting-nonfiction/,cannot get text
https://www.filmcomment.com/article/cannes-2015-amy-taubin/,cannot get text
https://www.filmcomment.com/article/interview-jeanne-moreau/,cannot get text
https://www.filmcomment.com/article/the-big-screen-peterloo/,cannot get text
https://www.filmcomment.com/article/festivals-trolling-croisette/,cannot get text
https://www.filmcomment.com/article/cannes-2015-the-assassin-mountains-may-depart-mia-madre/,cannot get text
https://www.filmcomment.com/article/review-the-founder-john-lee-hancock-michael-keaton/,cannot get text
https://www.filmcomment.com/article/aki-kaurismaeki/,cannot get text
https://www.filmcomment.com/article/new-york-film-festival-2003-autumn-of-the-patriarchs/,cannot get text
https://www.filmcomment.com/article/review-angels-wear-white-vivian-qu/,cannot get text
https://www.filmcomment.com/article/nightcrawler/,cannot get text
https://www.filmcomment.com/article/review-the-club-pablo-larrain/,cannot get text
https://www.filmcomment.com/article/review-the-commuter-liam-neeson-jaume-collet-serra/,cannot get text
https://www.filmcomment.com/article/extended-readers-poll-results-the-best-movies-of-2005-list/,cannot get text
https://www.filmcomment.com/article/review-five-came-back-netflix/,cannot get text
https://www.filmcomment.com/article/review-limportant-cest-daimer-andrzej-zulawski/,cannot get text
https://www.filmcomment.com/article/cannes-2017-120-beats-per-minute-a-gentle-creature/,cannot get text
https://www.filmcomment.com/article/the-time-to-come-talking-about-the-future-with-miranda-july/,cannot get text
https://www.filmcomment.com/article/the-son/,cannot get text
https://www.filmcomment.com/article/elia-suleiman/,cannot get text
https://www.filmcomment.com/article/this-means-war-fahreinheit-9-11/,cannot get text
https://www.filmcomment.com/article/scare-tactics-cruel-kind/,cannot get text
https://www.filmcomment.com/article/basic-instinct-jennifer-jones-retrospective/,cannot get text
https://www.filmcomment.com/article/new-york-film-festival-2001-a-boquet-of-grief-and-sex/,cannot get text
https://www.filmcomment.com/article/stronger-together/,cannot get text
https://www.filmcomment.com/article/review-downsizing-alexander-payne/,cannot get text
https://www.filmcomment.com/article/with-borrowed-eyes-an-interview-with-abbas-kiarostami/,cannot get text
https://www.filmcomment.com/article/review-tale-of-tales-matteo-garrone/,cannot get text
https://www.filmcomment.com/article/the-amelie-effect/,cannot get text
https://www.filmcomment.com/article/hal-hartley-the-unbelievable-truth-trust-flirt-the-book-of-life/,cannot get text
https://www.filmcomment.com/article/guilty-pleasures-brian-de-palma/,cannot get text
https://www.filmcomment.com/article/review-i-love-you-daddy-louis-ck/,cannot get text
https://www.filmcomment.com/article/american-movie-acting-today/,cannot get text
https://www.filmcomment.com/article/review-afar-lorenzo-vigas/,cannot get text
https://www.filmcomment.com/article/short-takes-carnage/,cannot get text
https://www.filmcomment.com/article/radical-kindness/,cannot get text
https://www.filmcomment.com/article/review-glory-kristina-grozeva-petar-valchanov/,cannot get text
https://www.filmcomment.com/article/review-the-florida-project/,cannot get text
https://www.filmcomment.com/article/royal-pains-the-queen/,cannot get text
https://www.filmcomment.com/article/festivals-drifting-apart/,cannot get text
https://www.filmcomment.com/article/readings-warriors-at-work/,cannot get text
https://www.filmcomment.com/article/toronto-film-festival-2002-right-place-right-time/,cannot get text
https://www.filmcomment.com/article/aki-kaurismaki/,cannot get text
https://www.filmcomment.com/article/playing-along-fleshed/,cannot get text
https://www.filmcomment.com/article/carla-simon-summer-1993/,cannot get text
https://www.filmcomment.com/article/the-top-150-unreleased-foreign-language-films-of-the-nineties/,cannot get text
https://www.filmcomment.com/article/boots-riley-sorry-to-bother-you-inspirations/,cannot get text
https://www.filmcomment.com/article/bring-me-the-head-of-tim-horton-guy-maddin/,cannot get text
https://www.filmcomment.com/article/wang-bing-documentary-taang-crude-oil-tie-xi-qu/,cannot get text
https://www.filmcomment.com/article/playing-along-movie-theme-songs/,cannot get text
https://www.filmcomment.com/article/films-of-ruin-and-rapture-in-search-of-jean-daniel-pollet/,cannot get text
https://www.filmcomment.com/article/call-me-by-your-name-review-armie-hammer/,cannot get text
https://www.filmcomment.com/article/olivier-assayas-personal-shopper-kristen-stewart/,cannot get text
https://www.filmcomment.com/article/of-love-and-the-city-wong-kar-wais-in-the-mood-for-love/,cannot get text
https://www.filmcomment.com/article/interview-ilya-khrzhanovsky/,cannot get text
https://www.filmcomment.com/article/moment-irm-hermann-bitter-tears-petra-von-kant/,cannot get text
https://www.filmcomment.com/article/guided-by-voices-last-days/,cannot get text
https://www.filmcomment.com/article/review-aquarius-kleber-mendonca-filho-sonia-braga/,cannot get text
https://www.filmcomment.com/article/cannes-2017-lover-for-a-day-the-florida-project/,cannot get text
https://www.filmcomment.com/article/eight-hours-dont-make-a-day-fassbinder/,cannot get text
https://www.filmcomment.com/article/frederic-bonnaud-on-eric-rohmers-first-digital-feature/,cannot get text
https://www.filmcomment.com/article/in-the-realm-of-the-senses-review/,cannot get text
https://www.filmcomment.com/article/richard-wright-native-son-film-adaptation/,cannot get text
https://www.filmcomment.com/article/review-captain-fantastic-viggo-mortensen/,cannot get text
https://www.filmcomment.com/article/statement/,cannot get text
https://www.filmcomment.com/article/dominic-cooke-saorsie-ronan-chesil-beach/,cannot get text
https://www.filmcomment.com/article/short-take-widows/,cannot get text
https://www.filmcomment.com/article/review-the-woman-who-left-lav-diaz/,cannot get text
https://www.filmcomment.com/article/hot-property-unrelated/,cannot get text
https://www.filmcomment.com/article/ava-duvernay-interview-the-13th/,cannot get text
https://www.filmcomment.com/article/site-specifics-teenscreenfeminism/,cannot get text
https://www.filmcomment.com/article/make-real-evidence-life/,cannot get text
https://www.filmcomment.com/article/review-colossal-nacho-vigalondo-anne-hathaway/,cannot get text
https://www.filmcomment.com/article/home-movies-library-streaming-services/,cannot get text
https://www.filmcomment.com/article/sirkumstantial-evidence/,cannot get text
https://www.filmcomment.com/article/in-every-dream-home/,cannot get text
https://www.filmcomment.com/article/all-in-the-family-christopher-guest/,cannot get text
https://www.filmcomment.com/article/review-blindspotting/,cannot get text
https://www.filmcomment.com/article/the-turning-of-the-earth/,cannot get text
https://www.filmcomment.com/article/edward-zwick-pawn-sacrifice-review/,cannot get text
https://www.filmcomment.com/article/bubble-review/,cannot get text
https://www.filmcomment.com/article/review-beach-rats-eliza-hittman/,cannot get text
https://www.filmcomment.com/article/review-green-room-jeremy-saulnier/,cannot get text
https://www.filmcomment.com/article/short-take-nico-1988/,cannot get text
https://www.filmcomment.com/article/american-honey-andrea-arnold-review/,cannot get text
https://www.filmcomment.com/article/in-the-moment-marie-riviere-in-the-aviators-wife/,cannot get text
https://www.filmcomment.com/article/review-in-the-shadow-of-women-philippe-garrel/,cannot get text
https://www.filmcomment.com/article/gloria-grahame/,cannot get text
https://www.filmcomment.com/article/intimations-of-mortality-full/,cannot get text
https://www.filmcomment.com/article/make-real-dramatic-license/,cannot get text
https://www.filmcomment.com/article/free-range-okja-bong-joon-ho/,cannot get text
https://www.filmcomment.com/article/review-land-mine-martin-zandvliet/,cannot get text
https://www.filmcomment.com/article/movies-of-the-moment-demonlover/,cannot get text
https://www.filmcomment.com/article/ballad-of-a-soldier-lee-marvin/,cannot get text
https://www.filmcomment.com/article/southside-with-you-review/,cannot get text
https://www.filmcomment.com/article/playing-along-the-music-of-twin-peaks/,cannot get text
https://www.filmcomment.com/article/cannes-2005-take-one/,cannot get text
https://www.filmcomment.com/article/home-movies-january-february-2019-listings/,cannot get text
https://www.filmcomment.com/article/review-the-hallow-corin-hardy/,cannot get text
https://www.filmcomment.com/article/gabriel-abrantes-daniel-schmidt-benjamin-crotty-alexander-carver/,cannot get text
https://www.filmcomment.com/article/mary-ellen-bute-passages-from-finnegans-wake/,cannot get text
https://www.filmcomment.com/article/cannes-2011-report/,cannot get text
https://www.filmcomment.com/article/a-lifetime-in-the-moment-robert-duvall/,cannot get text
https://www.filmcomment.com/article/review-into-the-forest-patricia-rozema/,cannot get text
https://www.filmcomment.com/article/the-man-who-would-be-king-sean-connery/,cannot get text
https://www.filmcomment.com/article/50-years-of-film-comment-part-three/,cannot get text
https://www.filmcomment.com/article/scenes-from-a-marriage/,cannot get text
https://www.filmcomment.com/article/short-take-can-ever-forgive/,cannot get text
https://www.filmcomment.com/article/todd-haynes-carol-interview/,cannot get text
https://www.filmcomment.com/article/gloria-grahame-the-cobweb/,cannot get text
https://www.filmcomment.com/article/review-time-out-of-mind-oren-moverman/,cannot get text
https://www.filmcomment.com/article/extended-readers-poll-results-the-best-movies-of-2004-list/,cannot get text
https://www.filmcomment.com/article/climbing-higher-mountains/,cannot get text
https://www.filmcomment.com/article/review-amy-asif-kapadia/,cannot get text
https://www.filmcomment.com/article/nyff-preview-grey-gardens/,cannot get text
https://www.filmcomment.com/article/the-actor-as-terrorist-james-woods-interviewed/,cannot get text
https://www.filmcomment.com/article/a-man-apart-robert-de-niro/,cannot get text
https://www.filmcomment.com/article/venice-international-film-festival-2003/,cannot get text
https://www.filmcomment.com/article/review-inside-out-pixar/,cannot get text
https://www.filmcomment.com/article/omer-fast-remainder/,cannot get text
https://www.filmcomment.com/article/game-changers-camera-movement/,cannot get text
https://www.filmcomment.com/article/review-the-illinois-parables-deborah-stratman/,cannot get text
https://www.filmcomment.com/article/the-cleaning-crew-vfx/,cannot get text
https://www.filmcomment.com/article/pablo-larrain-jackie-neruda-interview/,cannot get text
https://www.filmcomment.com/article/jim-mckay-en-el-septimo-dia-review/,cannot get text
https://www.filmcomment.com/article/head-wide-open-being-john-malkovich/,cannot get text
https://www.filmcomment.com/article/cosmic-babble-waking-life/,cannot get text
https://www.filmcomment.com/article/site-specifics-sound-design/,cannot get text
https://www.filmcomment.com/article/review-beast-michael-pearce/,cannot get text
https://www.filmcomment.com/article/make-real-star-tours/,cannot get text
https://www.filmcomment.com/article/review-life-nothing/,cannot get text
https://www.filmcomment.com/article/cannes-2016-elle-staying-vertical-well-told-tale/,cannot get text
https://www.filmcomment.com/article/the-all-seeing-eye/,cannot get text
https://www.filmcomment.com/article/casa-grande-fellipe-barbosa-review/,cannot get text
https://www.filmcomment.com/article/the-big-screen-black-mother/,cannot get text
https://www.filmcomment.com/article/corridors-of-powerlessness-elephant/,cannot get text
https://www.filmcomment.com/article/playing-along-leonard-rosenman-edge-of-the-city-1957/,cannot get text
https://www.filmcomment.com/article/the-lives-of-others-im-not-there/,cannot get text
https://www.filmcomment.com/article/review-joy-david-o-russell/,cannot get text
https://www.filmcomment.com/article/cannes-2015-gavin-smith/,cannot get text
https://www.filmcomment.com/article/short-take-guilty/,cannot get text
https://www.filmcomment.com/article/endgame-michael-hanekes-cache/,cannot get text
https://www.filmcomment.com/article/all-things-reconsidered/,cannot get text
https://www.filmcomment.com/article/me-time/,cannot get text
https://www.filmcomment.com/article/review-bigger-splash-luca-guadagnino/,cannot get text
https://www.filmcomment.com/article/claire-denis-interview/,cannot get text
https://www.filmcomment.com/article/black-panther-science-fiction/,cannot get text
https://www.filmcomment.com/article/dan-talbot-in-memoriam/,cannot get text
https://www.filmcomment.com/article/review-tyrel/,cannot get text
https://www.filmcomment.com/article/worldly-wise/,cannot get text
https://www.filmcomment.com/article/review-in-the-last-days-of-the-city/,cannot get text
https://www.filmcomment.com/article/review-donald-cried-kris-avedisian/,cannot get text
https://www.filmcomment.com/article/the-american-dreamer-documentary-l-m-kit-carson/,cannot get text
https://www.filmcomment.com/article/review-harmonium-koji-fukada/,cannot get text
https://www.filmcomment.com/article/cannes-2011-report-1/,cannot get text
https://www.filmcomment.com/article/home-movies-november-december-2018-listings/,cannot get text
https://www.filmcomment.com/article/review-contemporary-color-bill-and-turner-ross-david-byrne/,cannot get text
https://www.filmcomment.com/article/adolfo-aristarain-time-of-revenge-tiempo-de-revancha/,cannot get text
https://www.filmcomment.com/article/our-fair-lady-audrey-hepburn/,cannot get text
https://www.filmcomment.com/article/lewis-klahr-sixty-six/,cannot get text
https://www.filmcomment.com/article/review-afterimage-andrzej-wajda/,cannot get text
https://www.filmcomment.com/article/claude-chabrol-comedy-of-power-review/,cannot get text
https://www.filmcomment.com/article/apropos-de-cannes-1963/,cannot get text
https://www.filmcomment.com/article/review-the-challenge-yuri-ancarani/,cannot get text
https://www.filmcomment.com/article/review-beasts-of-no-nation-caray-fukunaga/,cannot get text
https://www.filmcomment.com/article/no-joke-comedy-in-the-obama-era/,cannot get text
https://www.filmcomment.com/article/short-takes-into-the-abyss/,cannot get text
https://www.filmcomment.com/article/review-the-end-of-the-tour-james-ponsoldt/,cannot get text
https://www.filmcomment.com/article/review-the-other-side-of-the-wind/,cannot get text
https://www.filmcomment.com/article/readings-seduction-sex-lies-stardom-howard-hughess-hollywood/,cannot get text
https://www.filmcomment.com/article/mudbound-dee-rees/,cannot get text
https://www.filmcomment.com/article/kate-plays-christine-robert-greene/,cannot get text
https://www.filmcomment.com/article/pedro-costa-horse-money/,cannot get text
https://www.filmcomment.com/article/a-blast-from-the-past-interview-with-tom-hanks/,cannot get text
https://www.filmcomment.com/article/moving-through-time/,cannot get text
https://www.filmcomment.com/article/home-movies-asiancrush/,cannot get text
https://www.filmcomment.com/article/milos-forman-interview/,cannot get text
https://www.filmcomment.com/article/encore-kes/,cannot get text
https://www.filmcomment.com/article/cannes-2017-visages-villages-the-florida-project/,cannot get text
https://www.filmcomment.com/article/martin-scorsese-interviewed/,cannot get text
https://www.filmcomment.com/article/short-take-destroyer/,cannot get text
https://www.filmcomment.com/article/50-years-of-film-comment-part-two/,cannot get text
https://www.filmcomment.com/article/reivew-the-treasure-corneliu-porumboiu/,cannot get text
https://www.filmcomment.com/article/on-earth-as-it-is-in-heaven-ermanno-olmi/,cannot get text
https://www.filmcomment.com/article/short-takes-tomboy/,cannot get text
https://www.filmcomment.com/article/extended-readers-poll-results-best-of-2008-list/,cannot get text
https://www.filmcomment.com/article/review-what-happened-miss-simone-liz-garbus/,cannot get text
https://www.filmcomment.com/article/review-la-bas-chantal-akerman/,cannot get text
https://www.filmcomment.com/article/a-road-movie-with-a-difference-discovery/,cannot get text
https://www.filmcomment.com/article/review-court-chaitanya-tamhane/,cannot get text
https://www.filmcomment.com/article/review-the-favourite/,cannot get text
https://www.filmcomment.com/article/the-straight-story-narrative-kent-jones/,cannot get text
https://www.filmcomment.com/article/review-thelma-joachim-trier/,cannot get text
https://www.filmcomment.com/article/review-the-beguiled-sofia-coppola/,cannot get text
https://www.filmcomment.com/article/jane-campion-interview-top-of-the-lake/,cannot get text
https://www.filmcomment.com/article/review-bad-batch-ana-lily-amirpour/,cannot get text
https://www.filmcomment.com/article/headline-acts-sundance-2016/,cannot get text
https://www.filmcomment.com/article/the-center-of-the-world-pina/,cannot get text
https://www.filmcomment.com/article/review-free-fire-ben-wheatley/,cannot get text
https://www.filmcomment.com/article/review-billy-lynns-long-halftime-walk-ang-lee/,cannot get text
https://www.filmcomment.com/article/interview-jack-fisk/,cannot get text
https://www.filmcomment.com/article/review-the-lady-in-the-van-maggie-smith/,cannot get text
https://www.filmcomment.com/article/review-kaili-blues-bi-gan/,cannot get text
https://www.filmcomment.com/article/site-specifics-thecinetourist-net/,cannot get text
https://www.filmcomment.com/article/overnight-to-distant-cities/,cannot get text
https://www.filmcomment.com/article/hidden-star-richard-widmark/,cannot get text
https://www.filmcomment.com/article/review-heal-living-katell-quillevere/,cannot get text
https://www.filmcomment.com/article/mysteries-of-lisbon/,cannot get text
https://www.filmcomment.com/article/thessaloniki-international-film-festival-2008/,cannot get text
https://www.filmcomment.com/article/nathaniel-dorsky-heavenly-host/,cannot get text
https://www.filmcomment.com/article/review-last-days-in-the-desert-rodrigo-garcia/,cannot get text
https://www.filmcomment.com/article/now-its-dark-twin-peaks-the-return-david-lynch/,cannot get text
https://www.filmcomment.com/article/review-the-handmaiden-park-chan-wook/,cannot get text
https://www.filmcomment.com/article/review-bwoy-john-g-young/,cannot get text
https://www.filmcomment.com/article/thor-ragnarok-review/,cannot get text
https://www.filmcomment.com/article/cannes-2017-valeska-grisebach-western/,cannot get text
https://www.filmcomment.com/article/review-lady-macbeth-william-oldroyd/,cannot get text
https://www.filmcomment.com/article/short-take-vox-lux/,cannot get text
https://www.filmcomment.com/article/matthew-barney-river-of-fundament-norman-mailer/,cannot get text
https://www.filmcomment.com/article/review-in-between-maysaloun-hamoud/,cannot get text
https://www.filmcomment.com/article/short-takes-isle-of-dogs/,cannot get text
https://www.filmcomment.com/article/encore-the-friends-of-eddie-coyle/,cannot get text
https://www.filmcomment.com/article/olafs-world-nigerian-videofilm-culture/,cannot get text
https://www.filmcomment.com/article/out-of-the-past/,cannot get text
https://www.filmcomment.com/article/lost-and-beautiful-pietro-marcello/,cannot get text
https://www.filmcomment.com/article/ice-age/,cannot get text
https://www.filmcomment.com/article/toronto-tiff-2015/,cannot get text
https://www.filmcomment.com/article/review-a-fantastic-woman-sebastian-lelio/,cannot get text
https://www.filmcomment.com/article/review-the-assignment-walter-hill/,cannot get text
https://www.filmcomment.com/article/review-love-friendship-whit-stillman/,cannot get text
https://www.filmcomment.com/article/somethings-gotta-give-ang-lees-the-hulk/,cannot get text
https://www.filmcomment.com/article/school-of-hard-knocks-charles-burnett-interview/,cannot get text
https://www.filmcomment.com/article/home-movies-september-october-2018-listings/,cannot get text
https://www.filmcomment.com/article/fabrice-aragno-interview/,cannot get text
https://www.filmcomment.com/article/kirsten-johnson-cameraperson/,cannot get text
https://www.filmcomment.com/article/review-the-big-short-adam-mckay/,cannot get text
https://www.filmcomment.com/article/cannes-2016-i-daniel-blake-paterson-the-shock-of-the-real/,cannot get text
https://www.filmcomment.com/article/seeing-in-the-dark/,cannot get text
https://www.filmcomment.com/article/a-double-life-immigrants-on-film/,cannot get text
https://www.filmcomment.com/article/life-after-life-zhang-hanyi/,cannot get text
https://www.filmcomment.com/article/interview-roger-corman/,cannot get text
https://www.filmcomment.com/article/the-big-screen-high-flying-bird/,cannot get text
https://www.filmcomment.com/article/setsuko-hara-in-no-regrets-for-our-youth/,cannot get text
https://www.filmcomment.com/article/interview-jim-jarmusch/,cannot get text
https://www.filmcomment.com/article/frame-to-frame-nocturama/,cannot get text
https://www.filmcomment.com/article/review-dont-worry-wont-get-far-foot/,cannot get text
https://www.filmcomment.com/article/review-aferim-radu-jude/,cannot get text
https://www.filmcomment.com/article/mexico-city-journal/,cannot get text
https://www.filmcomment.com/article/review-the-lobster-yorgos-lanthimos/,cannot get text
https://www.filmcomment.com/article/cannes-2005-take-three/,cannot get text
https://www.filmcomment.com/article/short-take-climax/,cannot get text
https://www.filmcomment.com/article/kristen-stewart-personal-shopper-certain-women-equals-cafe-society/,cannot get text
https://www.filmcomment.com/article/review-emelie-michael-thelin/,cannot get text
https://www.filmcomment.com/article/freeheld-review-julianne-moore/,cannot get text
https://www.filmcomment.com/article/review-salesman-ashgar-farhadi/,cannot get text
https://www.filmcomment.com/article/review-the-human-surge-eduardo-teddy-williams/,cannot get text
https://www.filmcomment.com/article/review-a-room-and-a-half-andrei-khrzhanovsky/,cannot get text
https://www.filmcomment.com/article/pleasures-flesh-julia-ducournau-interview/,cannot get text
https://www.filmcomment.com/article/in-the-moment-louise-beavers-in-imitation-of-life-1934/,cannot get text
https://www.filmcomment.com/article/review-person-person-dustin-guy-defa/,cannot get text
https://www.filmcomment.com/article/make-it-real-shots-heard-round-the-world/,cannot get text
https://www.filmcomment.com/article/review-happy-end-michael-haneke/,cannot get text
https://www.filmcomment.com/article/review-eighth-grade/,cannot get text
https://www.filmcomment.com/article/foreign-affairs-david-cronenbergs-eastern-promises/,cannot get text
https://www.filmcomment.com/article/review-take-me-to-the-river-matt-sobel/,cannot get text
https://www.filmcomment.com/article/the-big-screen-ash-is-purest-white/,cannot get text
https://www.filmcomment.com/article/an-exceptional-vintage/,cannot get text
https://www.filmcomment.com/article/game-changers-production-design/,cannot get text
https://www.filmcomment.com/article/alan-clarke-tv-dramas/,cannot get text
https://www.filmcomment.com/article/jim-jarmusch-paterson-gimme-danger-interview/,cannot get text
https://www.filmcomment.com/article/tastuya-nakadai-the-sword-of-doom/,cannot get text
https://www.filmcomment.com/article/short-take-good-manners/,cannot get text
https://www.filmcomment.com/article/review-irrational-man-woody-allen/,cannot get text
https://www.filmcomment.com/article/majestic-images-robert-beavers/,cannot get text
https://www.filmcomment.com/article/the-body-politic-heartbeat-detector/,cannot get text
https://www.filmcomment.com/article/mustang-review-deniz-gamze-erguven/,cannot get text
https://www.filmcomment.com/article/master-of-the-house-satyajit-ray/,cannot get text
https://www.filmcomment.com/article/review-the-witch-robert-eggers/,cannot get text
https://www.filmcomment.com/article/review-the-big-sick-kumail-nanjiani/,cannot get text
https://www.filmcomment.com/article/short-take-suburban-birds/,cannot get text
https://www.filmcomment.com/article/let-there-be-light-the-thin-red-line/,cannot get text
https://www.filmcomment.com/article/let-the-sunshine-in-claire-denis-interview/,cannot get text
https://www.filmcomment.com/article/evolution-lucile-hadzihalilovic-interview/,cannot get text
https://www.filmcomment.com/article/make-real-big-game/,cannot get text
https://www.filmcomment.com/article/elusive-objects-of-desire-2046/,cannot get text
https://www.filmcomment.com/article/day-into-night/,cannot get text
https://www.filmcomment.com/article/three-billboards-outside-ebbing-missouri-review/,cannot get text
https://www.filmcomment.com/article/white-noise/,cannot get text
https://www.filmcomment.com/article/review-demon-marcin-wrona/,cannot get text
https://www.filmcomment.com/article/review-double-lover-francois-ozon/,cannot get text
https://www.filmcomment.com/article/talking-in-circles/,cannot get text
https://www.filmcomment.com/article/apichatpong-weerasethakul-cemetery-of-splendor/,cannot get text
https://www.filmcomment.com/article/the-other-side-of-hope-review-aki-kaurismaki/,cannot get text
https://www.filmcomment.com/article/short-take-dogman/,cannot get text
https://www.filmcomment.com/article/nitrate-picture-show-eastman-house-2015/,cannot get text
https://www.filmcomment.com/article/art-craft-first-person-shooter/,cannot get text
https://www.filmcomment.com/article/to-each-her-own/,cannot get text
https://www.filmcomment.com/article/review-right-now-wrong-then-hong-sangsoo/,cannot get text
https://www.filmcomment.com/article/memoriam-kira-muratova/,cannot get text
https://www.filmcomment.com/article/review-taxi-jafar-panahi/,cannot get text
https://www.filmcomment.com/article/50-years-of-film-comment-part-five/,cannot get text
https://www.filmcomment.com/article/richard-linklater-boyhood/,cannot get text
https://www.filmcomment.com/article/review-everybody-wants-some-richard-linklater/,cannot get text
https://www.filmcomment.com/article/devotional-furies-kill-bill/,cannot get text
https://www.filmcomment.com/article/review-first-reformed-paul-schrader/,cannot get text
https://www.filmcomment.com/article/inspired-james-gray-lost-city-of-z/,cannot get text
https://www.filmcomment.com/article/center-of-gravity-greatest-steadicam-shots/,cannot get text
https://www.filmcomment.com/article/review-marjorie-prime-jon-hamm/,cannot get text
https://www.filmcomment.com/article/interview-bertrand-bonello-nocturama/,cannot get text
https://www.filmcomment.com/article/50-years-of-film-comment-part-four/,cannot get text
https://www.filmcomment.com/article/the-big-screen-hotel-by-the-river/,cannot get text
https://www.filmcomment.com/article/review-birds-of-passage/,cannot get text
https://www.filmcomment.com/article/the-lives-of-others/,cannot get text
https://www.filmcomment.com/article/all-the-choices-albert-brooks-interview/,cannot get text
https://www.filmcomment.com/article/the-diary-of-a-teenage-girl-marielle-heller/,cannot get text
https://www.filmcomment.com/article/nocturama-bertrand-bonello/,cannot get text
https://www.filmcomment.com/article/whos-asking-errol-morris-interview-interview/,cannot get text
https://www.filmcomment.com/article/review-where-to-invade-next-michael-moore/,cannot get text
https://www.filmcomment.com/article/review-the-villainess-jung-byung-gil/,cannot get text
https://www.filmcomment.com/article/yella-review/,cannot get text
https://www.filmcomment.com/article/sound-moses-and-aaron/,cannot get text
https://www.filmcomment.com/article/the-paragon-of-animals/,cannot get text
https://www.filmcomment.com/article/review-strange-weather-katherine-dieckmann/,cannot get text
https://www.filmcomment.com/article/review-bisbee-17/,cannot get text
https://www.filmcomment.com/article/sicario-denis-villeneuve/,cannot get text
https://www.filmcomment.com/article/lost-black-actors-beyond-these-gates/,cannot get text
https://www.filmcomment.com/article/review-brooklyn-saoirse-ronan/,cannot get text
https://www.filmcomment.com/article/flow-through-me/,cannot get text
https://www.filmcomment.com/article/review-the-ornithologist-joao-pedro-rodrigues/,cannot get text
https://www.filmcomment.com/article/review-happy-hour-ryusuke-hamaguchi/,cannot get text
https://www.filmcomment.com/article/extended-readers-poll-results-best-movies-of-2007-list1/,cannot get text
https://www.filmcomment.com/article/review-the-shape-of-water-guillermo-del-toro/,cannot get text
https://www.filmcomment.com/article/short-take-green-book/,cannot get text
https://www.filmcomment.com/article/filmatique-streaming-service/,cannot get text
https://www.filmcomment.com/article/review-wonderstruck-todd-haynes/,cannot get text
https://www.filmcomment.com/article/review-trumbo-bryan-cranston/,cannot get text
https://www.filmcomment.com/article/cannes-2011-report-2/,cannot get text
https://www.filmcomment.com/article/review-ex-libris-the-new-york-public-library/,cannot get text
https://www.filmcomment.com/article/short-takes-werewolf/,cannot get text
https://www.filmcomment.com/article/cannes-2016-toni-erdmann-paterson-elle-in-the-desert-of-digital/,cannot get text
https://www.filmcomment.com/article/review-loveless-zvyagintsev/,cannot get text
https://www.filmcomment.com/article/make-it-real-no-place-id-rather-be/,cannot get text
https://www.filmcomment.com/article/scary-mother-ana-urushadze/,cannot get text
https://www.filmcomment.com/article/review-you-were-never-really-here-lynne-ramsay/,cannot get text
https://www.filmcomment.com/article/outside-the-main-stream/,cannot get text
https://www.filmcomment.com/article/the-birth-of-narrative/,cannot get text
https://www.filmcomment.com/article/bogdan-mirica-dogs/,cannot get text
https://www.filmcomment.com/article/review-staying-vertical-alain-guiraudie/,cannot get text
https://www.filmcomment.com/article/the-invisible-man-spike-lee/,cannot get text
https://www.filmcomment.com/article/a-blast-from-the-past-an-interview-with-ken-russell/,cannot get text
https://www.filmcomment.com/article/the-big-screen-the-wild-pear-tree/,cannot get text
https://www.filmcomment.com/article/i-am-not-your-negro-raoul-peck/,cannot get text
https://www.filmcomment.com/article/a-river-runs-through-it-michael-powell/,cannot get text
https://www.filmcomment.com/article/lone-wolves-at-the-door-of-history-central-asian-cinema/,cannot get text
https://www.filmcomment.com/article/isabelle-huppert/,cannot get text
https://www.filmcomment.com/article/cahiers-back-in-the-day/,cannot get text
https://www.filmcomment.com/article/meta-critic-gilbert-adair-1944-2011/,cannot get text
https://www.filmcomment.com/article/haynes-and-sirk/,cannot get text
https://www.filmcomment.com/article/make-real-notes-nonfiction-camp/,cannot get text
https://www.filmcomment.com/article/finest-hour-phantom-liberty/,cannot get text
https://www.filmcomment.com/article/from-the-artisanal-to-the-industrial/,cannot get text
https://www.filmcomment.com/article/short-takes-solitary-man/,cannot get text
https://www.filmcomment.com/article/short-takes-beetle-queen-conquers-tokyo/,cannot get text
https://www.filmcomment.com/article/never-the-twain-shall-meet/,cannot get text
https://www.filmcomment.com/article/35th-annual-grosses-gloss/,cannot get text
https://www.filmcomment.com/article/lornas-silence-review/,cannot get text
https://www.filmcomment.com/article/the-red-riding-trilogy/,cannot get text
https://www.filmcomment.com/article/short-takes-best-worst-movie/,cannot get text
https://www.filmcomment.com/article/aurora-cristi-puiu-review/,cannot get text
https://www.filmcomment.com/article/nikki-finke/,cannot get text
https://www.filmcomment.com/article/all-our-yesterdays-masahiro-shinoda/,cannot get text
https://www.filmcomment.com/article/midnight-in-paris/,cannot get text
https://www.filmcomment.com/article/the-accidental-auteurist-octubre/,cannot get text
https://www.filmcomment.com/article/the-accidental-auteurist-roman-polanski/,cannot get text
https://www.filmcomment.com/article/extended-readers-poll-results-best-of-the-decade-and-2009/,cannot get text
https://www.filmcomment.com/article/shadow-of-a-doubt-lucrecia-martel-interviewed/,cannot get text
https://www.filmcomment.com/article/cannes-2009-take-three/,cannot get text
https://www.filmcomment.com/article/page-one-inside-the-new-york-times/,cannot get text
https://www.filmcomment.com/article/star-drek/,cannot get text
https://www.filmcomment.com/article/the-hurt-locker-review/,cannot get text
https://www.filmcomment.com/article/the-accidental-auteurist-police-adjective/,cannot get text
https://www.filmcomment.com/article/readers-poll-2010-extended/,cannot get text
https://www.filmcomment.com/article/the-accidental-auteurist-sacha-guitry/,cannot get text
https://www.filmcomment.com/article/michael-haneke-interview/,cannot get text
https://www.filmcomment.com/article/the-accidental-auteurist-public-enemies/,cannot get text
https://www.filmcomment.com/article/best-of-the-decade-avant-garde/,cannot get text
https://www.filmcomment.com/article/mildred-pierce/,cannot get text
https://www.filmcomment.com/article/toronto-3/,cannot get text
https://www.filmcomment.com/article/thessaloniki-international-film-festival-2009/,cannot get text
https://www.filmcomment.com/article/claire-denis-and-tindersticks/,cannot get text
https://www.filmcomment.com/article/the-accidental-auteurist-eric-rohmer-remembered/,cannot get text
https://www.filmcomment.com/article/a-tale-of-two-cities-metropolis-restored/,cannot get text
https://www.filmcomment.com/article/the-best-of-possible-worlds/,cannot get text
https://www.filmcomment.com/article/the-social-network-review/,cannot get text
https://www.filmcomment.com/article/the-accidental-auteurist-vincere/,cannot get text
https://www.filmcomment.com/article/cannes-2009-take-two/,cannot get text
https://www.filmcomment.com/article/the-accidental-auteurist-claude-chabrol/,cannot get text
https://www.filmcomment.com/article/review-morvern-callar-lynne-ramsay/,cannot get text
