uid,category,url
0,news,/news/box-office-results-split-trounces-dogs-purpose-26m-969655
1,news,/news/indie-spirits-cheap-thrills-79510
2,news,/news/afi-fest-wwii-film-mudbound-combats-representation-hollywood-1056956
3,news,/news/oscars-2018-memes-gifs-audience-reactions-1091684
4,news,/news/juno-spirit-105545
5,news,/news/sundance-i-dont-feel-at-home-world-anymore-takes-top-prize-969605
6,news,/news/mohamed-khan-dead-egyptian-director-914590
7,news,/news/new-academy-chief-defends-diversity-push-remedy-open-wound-1029637
8,news,/news/cannes-cate-blanchett-led-womens-march-takes-center-stage-red-carpet-1111329
9,news,/news/study-women-make-up-29-percent-directors-festival-features-1110594
10,news,/news/cannes-lunchbox-director-ritesh-batra-524943
11,news,/news/friends-with-kids-jennifer-westfeldt-jon-hamm-297812
12,news,/news/inside-spirit-awards-best-first-161448
13,news,/news/wong-kar-wai-feted-at-thierry-fremauxs-lyon-lumiere-festival-1050925
14,news,/news/hitchcock-386725
15,news,/news/how-metoo-movement-is-changing-showbiz-culture-worldwide-1061349
16,news,/news/making-pirates-caribbean-184830
17,news,/news/girls-wanna-funds-85298
18,news,/news/honorary-oscars-presented-five-screen-legends-1057326
19,news,/news/no-awards-frontrunners-but-a-154665
20,news,/news/mumbai-festival-reveals-lineup-1151476
21,news,/news/berlin-q-a-director-malgorzata-421217
22,news,/news/women-film-2007-honorees-138906
23,news,/news/sundance-screenwriters-lab-unveils-15-writers-will-support-956906
24,news,/news/thailands-manta-ray-indias-bulbul-can-sing-top-mumbai-film-festival-awards-1157107
25,news,/news/rep-sheet-roundup-my-block-star-diego-tinoco-signs-paradigm-1132225
26,news,/features/hidden-figures-oscar-nominated-director-theodore-melfi-shares-backstory-972806
27,news,/news/berlin-2013-competition-jury-announced-415821
28,news,/news/making-sandra-bullocks-gravity-nervous-668622
29,news,/news/sundance-film-festival-a-new-565800
30,news,/news/women-directors-film-study-284321
31,news,/features/director-sam-taylor-johnson-fifty-shades-set-battles-a-sexy-new-netflix-show-1013672
32,news,/news/women-minorities-be-hired-paid-hollywood-983163
33,news,/news/los-angeles-film-festival-diverse-lineup-2016-highlights-898139
34,news,/news/sunshine-bright-at-afa-nods-107174
35,news,/news/attendance-up-07-hk-fest-131887
36,news,/news/arab-business-model-is-independent-124518
37,news,/news/tribeca-film-chanel-launch-womens-833904
38,news,/news/rep-sheet-roundup-icm-partners-870174
39,news,/news/jane-fonda-remembers-michael-jackson-831913
40,news,/news/bradley-cooper-gaining-40-pounds-749761
41,news,/news/greta-gerwig-learning-direct-you-have-make-leap-director-roundtable-1066398
42,news,/news/cannes-competition-lineup-includes-sofia-coppolas-beguiled-todd-haynes-wonderstruck-992695
43,news,/features/making-carol-why-took-60-851607
44,news,/news/hong-kong-asia-film-financing-674124
45,news,/news/summer-sequels-reboots-refresher-course-801654
46,news,/news/jenna-elfman-returning-as-host-538707
47,news,/news/oscars-women-make-little-progress-855666
48,news,/news/oscars-sundance-films-nab-16-nominations-1077367
49,news,/news/monster-pair-genes-85800
50,news,/news/europe-female-directors-underrepresented-864583
51,news,/news/power-struggle-145261
52,news,/news/2015-16-study-women-working-890642
53,news,/news/female-directors-better-represented-festival-799881
54,news,/news/shirley-maclaine-afi-meryl-streep-warren-beatty-335430
55,news,/news/filmart-2008-storm-blows-strong-107175
56,news,/news/gallants-detective-dee-big-winners-179396
57,news,/news/straight-outta-compton-suffragette-awards-846959
58,news,/news/why-tale-filmmaker-jennifer-fox-showed-sexual-abuse-film-1114882
59,news,/news/master-367349
60,news,/news/saudi-arabia-wadjda-cannes-324596
61,news,/news/ghostbusters-top-gun-enter-national-849092
62,news,/news/todd-mccarthy-at-telluride-good-films-bad-times-1035014
63,news,/news/study-women-held-18-percent-key-behind-camera-roles-2017s-top-movies-1073534
64,news,/news/afi-launches-cinematography-workshop-women-filmmakers-1116928
65,news,/news/owen-wilson-joining-ed-helms-802534
66,news,/news/reporter-at-large-139994
67,news,/news/sunshine-bright-at-afa-nods-107173
68,news,/news/hollywood-gender-equality-quotes-new-york-times-dowd-842379
69,news,/news/oscar-preview-cinematography-124277
70,news,/news/jagloms-pleasant-dreams-explores-quest-134394
71,news,/news/filmart-flashback-ronny-yu-s-bride-white-hair-gave-wuxia-a-sexy-edge-1095305
72,news,/news/park-chan-wook-filmmaker-129891
73,news,/news/oscarssomale-lack-female-nominees-highlights-industry-problem-971057
74,news,/features/making-sicario-how-cast-survived-844796
75,news,/news/clint-eastwood-describes-his-death-781618
76,news,/news/good-spirits-159889
77,news,/news/women-working-behind-scenes-independent-701528
78,news,/news/sundance-director-list-founder-destri-858318
79,news,/news/woman-fest-returns-108697
80,news,/news/study-female-directors-producers-hire-834780
81,news,/news/study-women-better-represented-indie-414187
82,news,/news/oscars-real-stories-behind-6-755433
83,news,/news/how-theory-everything-screenwriter-finally-748150
84,news,/features/20th-century-women-director-pre-rehearsal-dance-parties-a-blessing-a-buddhist-monk-960491
85,news,/news/sundance-edgar-wright-cary-fukunaga-759339
86,news,/news/best-movies-world-389796
87,news,/news/american-hustle-open-china-march-673444
88,news,/news/under-stands-rest-at-diff-157254
89,news,/news/cannes-how-george-miller-rebooted-794780
90,news,/news/film-review-dadas-dance-120339
91,news,/news/box-office-wonder-woman-opens-historic-1005m-1010026
92,news,/news/rango-gore-verbinski-johnny-depp-286366
93,news,/news/cannes-artistic-director-battling-netflix-banning-selfies-gender-equality-croisette-1102203
94,news,/news/telluride-mia-wasikowska-tackles-frances-729349
95,news,/news/trailers-ant-man-minions-mission-806779
96,news,/news/todd-mccarthys-top-10-films-760849
97,news,/news/tribeca-2015-frozen-river-dp-788345
98,news,/news/tough-year-has-left-a-155369
99,news,/news/france-24-lars-von-trier-190238
100,news,/news/how-crosscurrent-director-shot-a-875117
101,news,/news/courtside-at-knicks-game-spike-698198
102,news,/news/hollywood-salaries-revealed-movie-stars-737321
103,news,/news/academy-reveals-board-governors-2018-19-1120258
104,news,/features/how-mudbound-created-jim-crow-south-a-timely-depiction-race-relations-1057624
105,news,/news/how-a-university-run-film-festival-georgia-became-a-go-stop-oscar-hopefuls-1049196
106,news,/news/making-pirates-caribbean-186743
107,news,/news/cannes-todd-haynes-says-lesbian-796119
108,news,/news/edge-tomorrow-what-critics-are-709804
109,news,/news/film-review-mumbai-dairies-67774
110,news,/news/thrs-chief-film-critic-oscars-424432
111,news,/news/filmmakers-carolina-hellsgard-olivia-vieweg-talk-ever-2018-tiff-1141172
112,news,/news/box-office-awkward-moment-labor-675815
113,news,/news/telluride-film-festival-thrs-chief-609110
114,news,/news/secret-winner-at-afas-107182
115,news,/news/women-celluloid-ceiling-is-sagging-138888
116,news,/news/hk-intl-film-fest-kicks-131818
117,news,/news/mikhail-krichman-collects-russias-main-308678
118,news,/news/business-signed-sealed-59673
119,news,/news/why-no-excuse-not-nominating-female-directors-year-1163406
120,news,/news/zoey-deutch-made-flower-bloom-character-therapy-female-crew-tribeca-2017-995743
121,news,/news/air-doll-film-review-84086
122,news,/news/women-still-underrepresented-film-tv-681485
123,news,/news/how-a-star-is-born-created-mans-world-music-1136259
124,news,/news/ten-years-brokeback-jake-gyllenhaal-843951
125,news,/news/tribeca-chanel-recruit-dakota-fanning-940067
126,news,/news/cinematography-roundtable-roger-deakins-5-751367
127,news,/news/oscars-academy-avoids-oscarssowhite-reprise-1077306
128,news,/news/how-fix-hollywoods-toxic-gender-exclusion-problem-guest-column-1050912
129,news,/news/oscar-nominations-academy-doesnt-repeat-oscarssowhite-as-dances-la-la-land-967936
130,news,/news/cannes-2015-cate-blanchett-says-796239
131,news,/news/remembering-robert-altman-best-part-654874
132,news,/news/tom-cruises-mission-impossible-rogue-812612
133,news,/news/roundtable-why-do-casting-directors-664554
134,news,/news/hkiff-puts-female-helmers-spotlight-21897
135,news,/news/is-reed-morano-next-star-wars-director-1075060
136,news,/news/women-filmmakers-2016-statistics-show-female-directors-declined-number-963729
137,news,/news/cannes-a-fest-few-lows-896614
138,news,/news/national-film-registry-jurassic-park-shining-brokeback-mountain-rebecca-hud-selected-by-library-cong-1168473
139,news,/news/cannes-winners-announced-updating-live-1113412
140,news,/news/rep-sheet-roundup-tony-nominee-891801
141,news,/news/tribeca-film-festival-2015-lineup-778889
142,news,/news/venice-arrival-director-denis-villeneuve-925854
143,news,/news/cameras-actor-diving-bell-104137
144,news,/news/review-roundup-venice-film-festival-231871
145,news,/news/cinematheque-honoree-roberts-embodies-magic-152479
146,news,/news/dialogue-park-chan-wook-129856
147,news,/news/why-hong-kongs-top-filmmakers-are-making-china-propaganda-films-1004572
148,news,/news/godard-roeg-elvis-more-a-january-do-list-film-buffs-la-1172636
149,news,/news/women-comprised-just-8-percent-directors-top-2018-films-1172727
150,news,/news/steven-spielberg-documentary-debut-at-new-york-film-festival-1033290
151,news,/news/women-film-celebrates-female-achievements-113917
152,news,/news/wrestler-wins-undercard-79692
153,news,/news/power-shifting-155937
154,news,/news/johnny-depp-talks-transcendence-wally-382289
155,news,/news/golden-gate-silver-light-doc-431974
156,news,/news/oscar-winners-reactions-21373
157,news,/features/hollywood-needs-us-a-year-trenches-at-americas-top-film-school-1134624
158,news,/news/womens-media-center-oscar-nominations-867284
159,news,/news/sofia-coppola-creating-female-gaze-beguiled-learning-live-theater-1059418
160,news,/features/making-three-billboards-how-a-haunting-greyhound-bus-trip-inspired-dark-revenge-comedy-1073210
161,news,/news/peter-dinklage-elle-fanning-think-reed-morano-should-direct-wbs-supergirl-1143275
162,news,/news/spike-lee-dee-rees-open-black-culture-movie-marathon-1145334
163,news,/news/female-directors-face-closed-doors-834840
164,news,/news/new-nod-set-female-filmmakers-136427
165,news,/news/awards-watch-actresses-roundtable-92195
166,news,/news/women-filmmakers-held-just-19-854852
167,news,/news/woman-fest-returns-108734
168,news,/news/land-blood-honey-275006
169,news,/news/greta-gerwig-becomes-fifth-woman-ever-nominated-best-director-oscar-academy-awards-2018-1077318
170,news,/news/top-theater-exec-why-chinas-880071
171,news,/news/academy-class-2012-347024
172,news,/news/oliver-stone-edward-snowden-america-925611
173,news,/news/prayers-answered-san-seb-151339
174,news,/news/jada-pinkett-smith-confirms-magic-734632
175,news,/news/spains-goya-awards-bookshop-takes-top-honor-1081506
176,news,/news/first-studio-film-means-big-155594
177,news,/news/cuban-films-highlighted-at-new-832130
178,news,/news/spanish-oscar-entry-indias-village-rockstars-win-top-mumbai-film-festival-awards-1050080
179,news,/news/script-shortcuts-sure-path-development-20014
180,news,/features/making-battle-sexes-how-emma-stone-mastered-signature-move-a-tennis-legend-1071797
181,news,/news/shanghai-fest-mongolias-paradise-takes-best-film-tye-sheridan-wins-best-actor-1122992
182,news,/news/women-film-ushering-hollywoods-next-138890
183,news,/news/saoirse-ronan-lady-bird-director-greta-gerwig-girl-we-aspired-be-we-were-17-1058712
184,news,/news/tribeca-film-festival-jury-announced-694509
185,news,/news/oscars-how-before-flood-more-international-docs-are-tackling-interconnected-global-issues-94419
186,news,/news/sundance-2013-todd-mccarthy-best-416307
187,news,/news/reed-morano-direct-lioness-starring-827111
188,news,/features/cinematographer-roundtable-6-pros-happy-accidents-being-fed-up-film-digital-debate-1071786
189,news,/features/making-hateful-eight-how-tarantino-852099
190,news,/news/tribeca-david-gordon-green-lets-447223
191,news,/news/mandy-walker-diane-english-honored-113916
192,news,/news/carey-mulligan-star-as-vietnam-war-correspondent-side-1009290
193,news,/news/2018-oscars-snubs-lady-bird-mudbound-post-shut-1091602
194,news,/news/france-launches-subsidies-female-filmmakers-1145784
195,news,/features/lady-bird-how-greta-gerwig-created-2002-tell-her-coming-age-story-1055561
196,news,/news/berberian-sound-studio-tops-15th-443373
197,news,/news/studios-field-impressive-crop-prestige-154744
198,news,/news/study-finds-major-festivals-continue-screen-more-films-directed-by-men-1004512
199,news,/news/woody-allen-makes-rare-la-appearance-at-diane-keaton-afi-event-1011793
200,news,/news/ghostbusters-premiere-tom-rothman-kate-909629
201,news,/news/kick-trouble-win-pusan-prizes-90146
202,news,/news/prayers-heard-at-san-seb-151366
203,news,/news/cannes-hidden-gem-chloe-sevigny-892163
204,news,/news/jane-eyre-165426
205,news,/news/new-directors-new-films-2017-patti-cake-open-nyc-festival-976369
206,news,/news/dating-app-bumble-launches-female-focused-film-fund-1107240
207,news,/news/women-entertainment-timeline-123890
208,news,/news/indie-spirits-juno-wins-best-105496
209,news,/news/meg-ryan-interview-rapid-round-926877
210,news,/news/commentary-sisterhood-2-follows-originals-116497
211,news,/news/winters-bone-dominates-independent-spirit-54728
212,news,/news/toronto-2012-demarest-films-financing-368368
213,review,/review/directions-review-1010036
214,review,/review/boys-film-review-93521
215,review,/review/they-have-escaped-he-ovat-727574
216,review,/review/duty-wajib-1025258
217,review,/review/annihilation-review-1085770
218,review,/review/falling-london-review-740347
219,review,/review/rules-dont-apply-review-946080
220,review,/review/as-i-open-my-eyes-819765
221,review,/review/lesson-izlaiduma-gads-riga-review-759357
222,review,/review/second-coming-toronto-review-731124
223,review,/review/men-show-movies-women-breasts-664039
224,review,/review/asako-i-ii-netemo-sametemo-film-review-cannes-2018-1111789
225,review,/review/traffik-review-1104362
226,review,/review/day-i-lost-my-shadow-yom-adaatou-zouli-review-1148348
227,review,/review/inerasable-tokyo-review-834479
228,review,/review/berlin-review-name-419595
229,review,/review/foxfire-confessions-a-girl-gang-369050
230,review,/review/papusza-karlovy-vary-review-581319
231,review,/review/ever-review-1140761
232,review,/review/girl-king-helsinki-review-830540
233,review,/review/film-review-audrey-717920
234,review,/review/entanglement-1079815
235,review,/review/max-lenny-film-review-779941
236,review,/review/kings-surrender-wir-waren-koenige-719943
237,review,/review/angelica-berlin-review-771097
238,review,/review/100-yen-love-hyakuen-no-839119
239,review,/review/beach-rats-review-sundance-2017-964697
240,review,/review/hunting-season-temporada-de-caza-1045133
241,review,/review/las-sandinistas-film-review-sxsw-2018-1094467
242,review,/review/life-may-be-edinburgh-review-713124
243,review,/review/stories-lives-film-review-787641
244,review,/review/pit-157982
245,review,/review/beautiful-country-world-1162853
246,review,/review/clair-obscur-review-927544
247,review,/review/sadako-vs-kayako-923728
248,review,/review/parviz-san-sebastian-film-review-377205
249,review,/review/before-i-go-sleep-film-729386
250,review,/review/winter-flies-vsechno-bude-review-1154114
251,review,/review/men-don-t-cry-muskarci-koji-ne-placu-1020276
252,review,/review/secret-scripture-review-922300
253,review,/review/letters-war-cartas-da-guerra-865119
254,review,/review/riverrun-riocorrente-rotterdam-review-674040
255,review,/review/azougue-nazare-1079162
256,review,/review/secret-moonacre-aka-moon-princess-126299
257,review,/review/under-skin-film-review-627838
258,review,/review/chevalier-locarno-review-815763
259,review,/review/thanks-for-sharing-toronto-gwyneth-paltrow-mark-ruffalo-369022
260,review,/review/dad-s-army-film-review-859709
261,review,/review/tales-gheseh-ha-fajr-review-683840
262,review,/review/perpetual-sadness-la-tirisia-karlovy-719901
263,review,/review/coin-locker-girl-cannes-review-796311
264,review,/review/life-brian-review-1979-movie-1030493
265,review,/review/knight-day-film-review-29739
266,review,/review/disconnect-venice-review-367583
267,review,/review/inside-llewyn-davis-cannes-review-524956
268,review,/review/secrets-war-oorlogsgeheimen-toronto-review-732711
269,review,/review/one-wild-moment-moment-degarement-805059
270,review,/review/looking-grace-venice-review-820025
271,review,/review/iona-film-review-805817
272,review,/review/duck-butter-review-1104296
273,review,/review/kurmanjan-datka-queen-mountains-film-752306
274,review,/review/cosmos-locarno-review-813491
275,review,/review/porn-hood-les-kaira-film-352784
276,review,/review/uniform-ganvesh-goa-film-bazaar-844175
277,review,/review/vacuum-1070297
278,review,/review/hagazussa-a-heathen-s-curse-review-1046922
279,review,/review/a-girl-walks-home-alone-672551
280,review,/review/her-film-review-648073
281,review,/review/unforgettable-review-991700
282,review,/review/eye-juliet-film-venice-2017-1033612
283,review,/review/lady-in-the-portrait-1070158
284,review,/review/safe-haven-film-review-420388
285,review,/review/hollow-land-1065415
286,review,/review/first-night-nerves-baat-go-leuiyan-yat-toi-hei-film-review-busan-2018-1149636
287,review,/review/paradise-paradise-paradies-paradies-graz-878313
288,review,/review/life-above-all-film-review-29661
289,review,/review/lamb-cannes-review-794763
290,review,/review/citizen-1125182
291,review,/review/sally-hawkins-ethan-hawke-maudie-telluride-review-924677
292,review,/review/layla-fourie-berlin-review-420703
293,review,/review/visit-film-review-819404
294,review,/review/why-we-ride-film-review-652550
295,review,/review/borrowed-time-review-1074869
296,review,/review/divide-conquer-story-roger-ailes-review-1144965
297,review,/review/black-sea-film-review-754033
298,review,/review/k-11-turin-review-394892
299,review,/review/gloria-berlin-review-420079
300,review,/review/ava-review-1042608
301,review,/review/never-review-1041004
302,review,/review/dessau-dancers-munich-review-720745
303,review,/review/manda-bala-157957
304,review,/review/venus-fur-cannes-review-558549
305,review,/review/pushkar-puran-1050677
306,review,/review/land-blood-honey-review-angelina-jolie-274786
307,review,/review/air-doll-film-review-93153
308,review,/review/seaburners-kumun-tadi-berlin-review-678177
309,review,/review/ali-aqa-1064413
310,review,/review/aaaaaaaah-frightfest-review-818606
311,review,/review/erin-brockovich-review-986979
312,review,/review/woman-at-war-kona-fer-i-strid-review-1106899
313,review,/review/meteorites-1148088
314,review,/review/love-story-melbourne-review-florian-habicht-364264
315,review,/review/sicario-cannes-review-796598
316,review,/review/hobbit-desolation-smaug-film-review-663372
317,review,/review/a-walk-tombstones-film-review-731871
318,review,/review/girl-river-la-fille-at-706146
319,review,/review/tip-top-cannes-review-525552
320,review,/review/chameleon-hot-docs-review-790887
321,review,/review/i-am-mother-film-review-sundance-2019-1179530
322,review,/review/gray-house-film-review-cinema-du-reel-2017-988881
323,review,/review/low-winter-sun-158404
324,review,/review/butterfly-sleep-film-review-busan-2017-1050959
325,review,/review/spectre-film-review-833833
326,review,/review/wuthering-heights-venice-film-review-231615
327,review,/review/wind-le-vent-tourne-1133833
328,review,/review/my-favourite-fabric-mon-tissu-prefere-film-review-cannes-2018-1111072
329,review,/review/fifty-shades-grey-film-review-770402
330,review,/review/you-carry-me-ti-mene-817763
331,review,/review/dhobi-ghat-mumbai-diaries-film-67745
332,review,/review/djam-review-1007991
333,review,/review/doll-em-london-review-648101
334,review,/review/brides-tribeca-review-692459
335,review,/review/nezha-busan-review-741991
336,review,/review/bj-rk-biophilia-live-karlovy-717308
337,review,/review/revival-karlovy-vary-review-581521
338,review,/review/revenge-tiff-2017-1039847
339,review,/review/age-cannibals-zeit-der-kannibalen-680345
340,review,/review/time-film-review-602866
341,review,/review/song-scorpions-1027941
342,review,/review/iggy-pop-blood-orange-film-899510
343,review,/review/all-good-alles-ist-gut-1135918
344,review,/review/the-artist-and-the-model-san-sebastian-review-373869
345,review,/review/jacky-kingdom-women-jacky-au-675274
346,review,/review/king-thieves-review-1147679
347,review,/review/sauvage-cannes-2018-1110675
348,review,/review/godless-bezbog-review-923059
349,review,/review/stream-love-laff-review-711352
350,review,/review/challat-tunis-cannes-review-704693
351,review,/review/apparition-aparisyon-busan-review-376917
352,review,/review/bang-gang-a-modern-love-822193
353,review,/review/first-last-les-premiers-les-864414
354,review,/review/monsters-and-men-sundance-2018-1076330
355,review,/review/silver-bulletsart-history-berlin-review-162495
356,review,/review/back-home-acasa-la-tata-821092
357,review,/review/turtle-incredible-journey-film-review-203864
358,review,/review/gloria-review-1141194
359,review,/review/exhibition-locarno-review-603464
360,review,/review/little-england-mikra-anglia-shanghai-716411
361,review,/review/suspiria-review-venice-2018-1137594
362,review,/review/battle-sexes-review-1034857
363,review,/review/summer-house-les-estivants-review-1139909
364,review,/review/grace-jones-bloodlight-bami-review-1036106
365,review,/review/hermia-helena-locarno-review-919103
366,review,/review/vic-flo-saw-a-bear-420072
367,review,/review/undercurrent-film-review-33743
368,review,/review/29-1-film-review-1004523
369,review,/review/top-girl-la-deformation-professionnelle-679330
370,review,/review/warcraft-film-review-896290
371,review,/review/backstreet-noire-film-review-1110129
372,review,/review/1944-film-review-838687
373,review,/review/gift-film-review-810311
374,review,/review/minding-gap-review-1077186
375,review,/review/wandering-girl-review-1171335
376,review,/review/berlin-review-bloom-grzeli-nateli-420313
377,review,/review/post-review-1062153
378,review,/review/one-breath-ein-atem-tiff-824496
379,review,/review/operation-red-sea-honghai-xingdong-film-review-1149626
380,review,/review/american-honey-cannes-review-894128
381,review,/review/maniac-elijah-wood-cannes-review-329836
382,review,/review/force-majeure-turist-cannes-review-703556
383,review,/review/boundaries-pays-review-931728
384,review,/review/adam-evelyn-adam-und-evelyn-review-1139250
385,review,/review/lover-a-day-lamant-dun-jour-review-1003622
386,review,/review/dakota-fanning-brimstone-venice-review-925586
387,review,/review/fencer-miekkailija-helsinki-review-827665
388,review,/review/memoir-pain-la-douleur-1042524
389,review,/review/thing-will-be-fine-berlin-772224
390,review,/review/i-grow-old-a-cidade-862905
391,review,/review/revolution-wont-be-televised-film-868674
392,review,/review/brave-one-159178
393,review,/review/magic-mike-xxl-film-review-805622
394,review,/review/fits-venice-review-820431
395,review,/review/dinky-sinky-munich-review-914584
396,review,/review/9-lives-film-review-44650
397,review,/review/afterlife-utoelet-karlovy-vary-review-720771
398,review,/review/agnus-dei-les-innocentes-sundance-859819
399,review,/review/i-am-pretty-thing-lives-929814
400,review,/review/what-will-people-say-hva-vil-folk-si-1042534
401,review,/review/53-wars-review-1125657
402,review,/review/winter-blood-laff-review-571821
403,review,/review/sower-le-semeur-1045132
404,review,/review/we-venice-film-review-230267
405,review,/review/john-wick-film-review-742842
406,review,/review/sheikh-jackson-review-1039340
407,review,/review/love-eternal-film-review-589210
408,review,/review/dadas-dance-125851
409,review,/review/katee-sackhoff-girl-flu-laff-901810
410,review,/review/marlina-murderer-four-acts-1007100
411,review,/review/yellow-is-forbidden-review-1104820
412,review,/review/whores-glory-venice-film-review-231132
413,review,/review/madame-bovary-telluride-review-729342
414,review,/review/mussels-love-berlin-review-420120
415,review,/review/last-summer-rich-der-letzte-771077
416,review,/review/child-god-venice-review-618828
417,review,/review/surveillance-125688
418,review,/review/cold-hell-review-1033448
419,review,/review/made-ash-az-do-mesta-381486
420,review,/review/unlocked-review-998802
421,review,/review/bodied-review-1036995
422,review,/review/sleep-film-review-93160
423,review,/review/pride-glory-126303
424,review,/review/white-lies-tuakiri-huna-film-642616
425,review,/review/most-beautiful-island-sxsw-2017-986603
426,review,/review/celestial-wives-meadow-mari-rome-388557
427,review,/review/a-worthy-companion-1038621
428,review,/review/why-me-de-ce-eu-771004
429,review,/review/snowden-review-926594
430,review,/review/amateurs-amatorer-1081532
431,review,/review/decor-london-review-745981
432,review,/review/pause-pafsi-1125517
433,review,/review/buried-film-review-27585
434,review,/review/bingo-king-mornings-1068773
435,review,/review/let-me-fall-review-1146403
436,review,/review/snowman-review-1047663
437,review,/review/hotel-by-river-gangbyun-hotel-1133448
438,review,/review/jane-tiff-2017-1037505
439,review,/review/invader-venice-film-review-231278
440,review,/review/how-do-you-know-film-59862
441,review,/review/king-havana-el-rey-de-827432
442,review,/review/one-day-film-review-222263
443,review,/review/is-home-film-1075204
444,review,/review/take-me-river-sundance-review-766081
445,review,/review/all-cheerleaders-die-london-review-647342
446,review,/review/stockholm-my-love-review-938313
447,review,/review/my-internship-canada-guibord-sen-816925
448,review,/review/down-by-love-eperdument-film-872434
449,review,/review/ashes-snow-review-1149853
450,review,/review/difret-sundance-review-674060
451,review,/review/laundryman-qing-tian-jie-yi-809780
452,review,/review/michael-clayton-158230
453,review,/review/nancy-review-1074117
454,review,/review/brawler-1039664
455,review,/review/ladies-black-1142951
456,review,/review/blind-film-review-225947
457,review,/review/march-penguins-2-call-review-976659
458,review,/review/mobile-158422
459,review,/review/ricky-gervais-david-brent-life-918780
460,review,/review/jason-shirley-outfest-review-807768
461,review,/review/not-tel-aviv-afi-fest-387216
462,review,/review/changes-everything-review-1141276
463,review,/review/colo-review-976342
464,review,/review/ghost-stories-review-1046809
465,review,/review/winters-night-review-1164446
466,review,/review/a-woman-a-part-rotterdam-862640
467,review,/review/sisterhood-gwaat-mui-film-macau-2016-957830
468,review,/review/island-city-film-review-872736
469,review,/review/overdrive-review-1029281
470,review,/review/world-is-mine-lumea-e-803653
471,review,/review/ixcanul-volcano-ixcanul-berlin-review-769739
472,review,/review/holy-air-993410
473,review,/review/girl-1109011
474,review,/review/goliath-1029082
475,review,/review/iran-job-laff-review-349474
476,review,/review/calling-wolanie-wroclaw-review-724399
477,review,/review/silent-eye-film-review-melbourne-2017-1030466
478,review,/review/grand-despair-berlin-review-100340
479,review,/review/bodybuilder-film-review-736208
480,review,/review/six-feet-high-goa-film-760694
481,review,/review/casting-jonbenet-review-967238
482,review,/review/amra-second-marriage-film-review-london-2018-1161076
483,review,/review/gemini-film-review-sxsw-2017-985232
484,review,/review/father-figures-1070039
485,review,/review/wonder-wheel-review-nyff-2017-1047865
486,review,/review/crd-947832
487,review,/review/last-reel-dom-fill-chong-756465
488,review,/review/god-help-girl-sundance-review-674755
489,review,/review/call-la-permanence-cinema-du-879847
490,review,/review/great-debaters-158172
491,review,/review/women-oversized-men-s-shirts-775767
492,review,/review/on-air-film-review-280934
493,review,/review/public-enemies-film-review-93298
494,review,/review/animals-dream-nar-dyrene-drommer-705654
495,review,/review/cassidy-red-1014286
496,review,/review/days-darkness-157959
497,review,/review/augustine-cannes-festival-review-326971
498,review,/review/romeo-juliet-film-review-643756
499,review,/review/girl-unbound-war-be-her-932070
500,review,/review/pieta-venice-cho-min-soo-kim-ki-duk-367630
501,review,/review/deutschland-83-berlin-review-772394
502,review,/review/nice-girls-dont-stay-breakfast-review-1139326
503,review,/review/celeste-1133416
504,review,/review/kedi-969487
505,review,/review/darling-review-1054620
506,review,/review/virginia-minnesota-1090990
507,review,/review/marfa-girl-2-1157124
508,review,/review/girl-train-review-934350
509,review,/review/runaways-film-review-29169
510,review,/review/getting-naked-a-burlesque-story-1040569
511,review,/review/machina-film-review-764038
512,review,/review/blood-krov-vladivostok-review-734612
513,review,/review/lake-bodom-review-939365
514,review,/review/jane-eyre-film-review-163945
515,review,/review/tarzans-testicles-ouale-lui-tarzan-1021167
516,review,/review/montparnasse-bienvenue-jeune-femme-1004148
517,review,/review/death-life-john-f-donovan-review-1142026
518,review,/review/united-states-love-zjednoczone-stany-867568
519,review,/review/all-eyez-me-review-1013778
520,review,/review/happily-ever-sarajevo-review-728363
521,review,/review/a-fantastic-woman-review-berlin-2017-974866
522,review,/review/darkness-by-day-el-dia-708141
523,review,/review/bless-me-ultima-film-review-423026
524,review,/review/pirates-sale-abu-dhabi-review-749856
525,review,/review/adopted-les-adoptes-film-review-265903
526,review,/review/pink-blue-colors-hereditary-cancer-828842
527,review,/review/sarnos-a-life-dirty-movies-650556
528,review,/review/angels-wear-white-jia-nian-hua-1035755
529,review,/review/end-world-cannes-review-895345
530,review,/review/ornithologist-o-ornitologo-locarno-review-918214
531,review,/review/sean-penns-last-face-cannes-896014
532,review,/review/mary-magdalene-review-1088785
533,review,/review/la-chana-950575
534,review,/review/nightingale-review-venice-2018-1140282
535,review,/review/violators-film-review-905879
536,review,/review/taste-rice-flower-review-1035677
537,review,/review/immigrant-cannes-review-558267
538,review,/review/les-miserables-film-review-398662
539,review,/review/red-trees-1039324
540,review,/review/gauguin-gauguin-voyage-de-tahiti-1042987
541,review,/review/all-a-sudden-auf-einmal-864577
542,review,/review/buried-film-review-29212
543,review,/review/widows-review-1141429
544,review,/review/picture-review-1077529
545,review,/review/time-travelers-wife-film-review-93405
546,review,/review/mad-love-fou-damour-film-833909
547,review,/review/renoir-film-review-331147
548,review,/review/a-river-ireland-santa-barbara-681466
549,review,/review/manslayer-virgin-shadow-1069882
550,review,/review/paradise-ma-dar-behesht-locarno-814480
551,review,/review/boys-jongens-film-review-699129
552,review,/review/new-girlfriend-une-nouvelle-amie-731910
553,review,/review/born-china-992329
554,review,/review/may-we-chat-mei-gaau-661414
555,review,/review/florida-project-cannes-2017-1006653
556,review,/review/hitchcock-film-review-385938
557,review,/review/close-enemies-freres-ennemis-film-review-1139210
558,review,/review/northern-soul-film-review-743870
559,review,/review/gozaran-time-passing-film-review-266435
560,review,/review/fortunata-review-1008304
561,review,/review/ajji-film-review-busan-2017-1048999
562,review,/review/rooney-mara-una-telluride-review-923769
563,review,/review/a-good-wife-film-review-863300
564,review,/review/midnight-berlin-review-678529
565,review,/review/occidental-review-974235
566,review,/review/scary-mother-review-1032898
567,review,/review/close-relations-rodnye-review-931142
568,review,/review/pleasure-is-mine-el-placer-840436
569,review,/review/i-am-not-a-witch-review-1007575
570,review,/review/hardcore-henry-tiff-review-822707
571,review,/review/night-accident-1069120
572,review,/review/fashionista-review-950410
573,review,/review/drishyam-film-review-812534
574,review,/review/marguerite-julien-cannes-review-796629
575,review,/review/kicks-tribeca-review-884419
576,review,/review/kings-summer-film-review-414006
577,review,/review/anon-film-review-1108573
578,review,/review/reassignment-review-927739
579,review,/review/brooklyn-cannes-review-707103
580,review,/review/mission-blue-santa-barbara-review-675979
581,review,/review/zurich-berlin-review-771063
582,review,/review/urban-hymn-tiff-review-822388
583,review,/review/lotus-xiao-he-venice-review-371180
584,review,/review/a-little-chaos-toronto-review-732108
585,review,/review/mary-queen-scots-review-1159819
586,review,/review/ovarian-psycos-sxsw-review-872332
587,review,/review/nekrotronic-review-1148025
588,review,/review/inbetweeners-2-film-review-723941
589,review,/review/cracks-concrete-risse-im-beton-680052
590,review,/review/ashes-film-review-93112
591,review,/review/my-art-venice-review-925706
592,review,/review/mr-leos-carax-sundance-review-675245
593,review,/review/cut-down-kite-volantin-cortao-656791
594,review,/review/jake-squared-raindance-review-640108
595,review,/review/grand-budapest-hotel-film-review-677467
596,review,/review/lulu-nude-lulu-femme-nue-673260
597,review,/review/ginger-rosa-telluride-review-367498
598,review,/review/we-have-pope-habemus-papam-review-179046
599,review,/review/michael-clayton-158229
600,review,/review/inevitable-defeat-mister-pete-sundance-413939
601,review,/review/side-wind-review-1137565
602,review,/review/third-wife-1149256
603,review,/review/hanna-movie-review-172453
604,review,/review/phantom-thread-review-1063279
605,review,/review/mozarts-sister-movie-review-224932
606,review,/review/i-dream-film-review-805100
607,review,/review/alice-cares-ik-ben-alice-766744
608,review,/review/academy-muses-laccademia-delle-muse-816526
609,review,/review/master-venice-review-367129
610,review,/review/lady-macbeth-review-926870
611,review,/review/price-desire-film-review-893574
612,review,/review/irene-time-film-review-93280
613,review,/review/witch-sundance-review-766073
614,review,/review/past-life-review-931644
615,review,/review/late-autumn-film-review-30160
616,review,/review/neon-bull-boi-neon-venice-820017
617,review,/review/nobody-wants-night-berlin-review-770449
618,review,/review/desert-al-desierto-1045593
619,review,/review/girls-sun-les-filles-du-soleil-review-1111389
620,review,/review/tulip-fever-review-1033917
621,review,/review/packed-a-trunk-lost-art-762193
622,review,/review/cracks-film-review-93515
623,review,/review/miracle-stebuklas-1039884
624,review,/review/wrestling-jerusalem-1002473
625,review,/review/apostasy-1045595
626,review,/review/merciless-review-1007581
627,review,/review/my-pure-land-review-1054999
628,review,/review/fury-a-patient-man-venice-923588
629,review,/review/dream-team-les-seigneurs-film-375008
630,review,/review/cure-life-sarajevo-review-730331
631,review,/review/trees-fall-koly-padayut-dereva-1088332
632,review,/review/seduce-me-zapelji-me-film-753492
633,review,/review/eugenia-film-review-1148525
634,review,/review/nosotras-ellas-true-false-review-875926
635,review,/review/magic-mike-film-review-341305
636,review,/review/killing-ground-review-sundance-2017-960798
637,review,/review/geographer-drank-his-globe-away-597063
638,review,/review/keeping-room-toronto-review-731604
639,review,/review/brave-one-159179
640,review,/review/sundance-review-subject-matter-nudity-75683
641,review,/review/leap-year-film-review-29085
642,review,/review/captain-abu-raed-126533
643,review,/review/my-days-mercy-review-1036913
644,review,/review/im-leaving-now-review-1167187
